CAZyme,ART45,ART46,ART47,ART48,ART49,ART50,CIGOMA4,CIGOMD18,DELGOM54,DELGOM55,DELGOM56,DELGOM57,DELGOM58,DELGOM59,DELGOM60,DSANT06,DSANT08,DSANT09,DSANT11,DSANT95,GBGOC44,GBGOC45,GBGOC47,GYRPAC92,HRSPAC47,KJGOM4,KJGOM5,KJGOM6,KOR52,KOR58,LOKART30,LOKART60,LOKART62,LOKART95,MARPAC23,SMMPAC33,SMMPAC46
AA10,3,1,0,3,2,2,0,0,0,0,0,0,0,0,0,0,0,3,0,0,0,0,0,0,0,1,0,0,1,0,2,0,1,0,0,0,0
AA12,34,36,24,1,6,9,11,3,0,0,0,0,0,0,0,11,7,13,1,16,0,0,1,0,0,9,10,3,21,3,11,1,5,2,14,2,0
AA15,0,0,0,0,0,0,0,0,0,0,0,0,0,0,0,0,0,0,0,0,0,0,0,0,0,0,0,0,0,0,0,0,0,0,0,1,0
AA1_2,1,3,0,0,0,4,0,0,0,0,0,0,0,0,0,0,0,0,0,0,0,0,0,0,0,0,0,0,0,0,1,0,0,0,0,0,0
AA1_3,3,2,1,2,2,2,3,4,0,0,0,0,0,0,0,1,0,1,1,15,3,1,1,0,0,1,0,0,5,2,0,0,1,1,2,0,1
AA2,11,14,1,2,2,7,0,0,0,0,0,0,0,0,0,2,7,10,6,8,0,0,0,0,0,1,0,0,51,14,1,0,1,0,0,0,0
AA3,0,10,11,1,0,0,2,1,0,0,0,0,0,0,0,0,0,3,5,11,2,1,5,0,1,4,3,1,6,1,9,0,2,0,3,2,1
AA3_1,0,0,0,0,0,1,0,0,0,0,0,0,0,0,0,0,0,0,0,0,0,0,0,0,0,0,0,0,0,0,0,0,0,0,0,0,0
AA3_2,36,40,37,5,7,14,19,0,0,0,0,0,0,0,0,7,10,16,1,16,0,0,4,2,0,16,8,0,19,8,9,0,2,6,10,2,0
AA4,2,1,1,0,0,0,0,0,0,1,0,0,1,1,1,0,2,0,0,3,1,1,0,0,1,0,0,0,2,0,0,1,2,1,0,2,1
AA5,0,2,5,0,0,1,2,0,0,0,0,0,0,0,0,0,0,0,1,3,0,0,0,0,0,2,0,0,0,2,1,1,1,1,0,0,0
AA5_2,2,2,1,0,0,0,0,0,0,0,0,0,0,0,0,0,0,2,0,0,0,0,0,0,0,0,0,0,2,0,0,0,0,0,0,0,0
AA6,21,20,15,13,10,11,9,8,3,6,1,4,0,0,2,4,2,6,3,1,6,7,8,0,0,12,5,4,14,2,12,10,28,17,2,16,9
AA7,134,176,109,29,42,46,28,4,2,0,0,6,1,0,0,6,16,25,8,2,0,0,1,3,0,34,19,3,36,37,4,0,7,3,22,3,1
CBM11,1,2,0,0,1,1,0,0,0,0,0,0,0,0,0,0,0,3,0,0,3,4,1,0,0,0,0,0,8,4,2,0,0,0,0,2,0
CBM13,1,4,2,2,2,1,1,0,0,0,3,0,4,0,0,1,3,6,2,6,2,3,17,0,2,0,0,0,15,2,3,0,5,2,0,10,2
CBM16,0,0,1,0,0,0,0,1,1,2,1,1,0,0,1,2,1,2,1,2,11,18,4,0,1,0,2,5,8,0,17,4,27,12,0,17,5
CBM2,0,0,1,0,2,0,0,0,0,0,0,0,0,0,0,0,0,0,0,0,2,1,5,0,0,1,0,0,0,0,6,0,3,1,0,3,0
CBM20,0,1,0,0,0,0,1,0,0,0,0,0,1,0,0,0,0,3,3,0,2,3,7,0,1,0,1,1,3,0,0,0,0,0,0,0,0
CBM21,0,0,0,0,0,0,0,0,0,0,0,0,0,0,0,0,0,0,0,0,0,0,4,0,0,0,0,0,0,0,0,0,0,0,0,0,0
CBM22,0,0,0,0,0,0,0,1,0,1,0,0,0,0,0,0,1,0,1,3,4,3,4,0,0,0,0,2,0,1,3,2,5,4,0,3,2
CBM23,0,0,0,0,0,0,0,0,0,0,0,0,1,1,2,0,0,0,0,0,1,3,4,0,5,1,0,0,0,0,0,1,0,0,0,3,3
CBM25,0,0,0,0,0,0,0,0,0,0,0,0,0,0,0,0,0,0,0,0,1,0,0,0,1,0,0,0,0,0,0,0,0,0,0,0,0
CBM26,0,0,0,0,0,0,0,0,0,0,0,0,0,0,0,0,0,0,1,7,0,2,3,0,0,0,0,0,0,0,0,0,0,0,0,0,0
CBM28,0,0,0,0,0,0,0,0,0,0,0,0,0,0,0,0,0,0,0,0,0,0,0,0,0,0,0,0,0,0,1,0,0,0,0,0,0
CBM3,0,0,0,0,0,0,0,0,0,0,0,0,0,0,0,0,0,0,0,0,0,0,0,0,0,0,0,0,0,0,0,0,2,1,0,0,0
CBM30,0,0,0,0,0,0,0,0,0,0,0,0,0,0,0,0,0,0,0,0,1,0,0,0,0,0,0,0,0,0,0,0,1,0,0,0,0
CBM32,9,15,9,4,4,5,2,13,1,3,3,2,7,2,8,17,17,19,7,38,37,30,43,0,19,0,4,17,28,3,102,17,99,43,0,56,14
CBM34,0,0,0,0,0,0,0,0,0,0,2,0,0,0,0,0,0,0,0,0,2,2,5,0,0,0,0,1,0,0,1,0,2,0,0,1,0
CBM35,6,4,0,0,2,0,0,0,1,0,0,0,0,0,0,9,1,2,1,4,2,1,5,0,0,0,1,1,2,2,11,1,7,6,0,9,1
CBM35inCE17,0,0,0,0,0,0,0,0,0,0,0,0,0,0,0,0,0,0,0,0,1,1,4,0,0,0,0,0,0,0,2,0,0,0,0,0,0
CBM38,7,12,13,1,1,3,0,19,4,11,1,3,1,2,3,8,4,8,14,4,30,23,78,2,7,1,7,23,14,0,48,14,66,38,4,90,20
CBM39,0,0,0,0,0,0,0,0,0,0,0,0,0,0,0,0,0,0,0,1,0,0,0,0,0,0,0,0,0,0,0,0,0,0,0,0,0
CBM4,3,5,0,1,2,3,0,15,1,9,1,2,5,0,2,18,10,7,3,3,16,18,31,1,7,0,18,16,11,3,13,21,48,30,2,33,11
CBM40,0,0,0,0,0,0,0,0,0,0,0,0,0,0,0,0,0,0,0,0,1,0,3,0,1,0,0,0,0,0,1,0,1,0,0,0,0
CBM41,4,0,0,3,0,1,0,1,1,2,2,0,1,1,2,0,3,2,2,5,8,8,32,0,16,0,0,0,3,5,0,0,0,0,0,15,3
CBM42,0,1,2,0,0,0,0,0,0,0,0,0,0,2,1,0,0,0,0,0,0,0,1,0,1,0,0,0,3,0,0,0,0,0,0,4,3
CBM44,37,31,12,7,7,10,6,28,4,6,25,5,34,35,27,5,13,5,24,2,255,242,75,3,26,3,10,8,54,8,30,18,49,35,0,113,9
CBM45,0,0,0,0,0,0,0,0,0,0,0,0,0,0,1,0,0,0,0,0,0,0,0,0,0,0,0,0,0,0,0,0,0,0,0,0,0
CBM47,4,9,6,2,0,1,0,11,0,4,1,4,2,1,0,3,5,9,3,2,8,9,2,3,0,0,4,13,14,3,32,5,50,24,0,38,10
CBM48,3,3,5,0,1,1,0,1,1,0,0,2,0,0,0,3,2,1,3,5,3,2,7,1,1,1,0,1,4,4,3,0,3,1,0,1,0
CBM5,1,0,0,0,0,0,0,0,0,0,0,0,0,0,0,0,0,0,0,0,0,0,2,0,0,0,0,0,0,0,0,0,0,0,0,0,0
CBM50,10,29,13,7,6,11,6,12,6,21,33,9,26,31,30,9,7,8,6,5,145,114,78,0,5,7,10,4,27,9,10,10,40,10,4,54,18
CBM51,3,11,11,2,1,1,1,24,1,5,6,2,3,2,3,12,3,6,9,4,50,30,26,1,0,3,2,12,9,0,61,11,60,27,1,57,9
CBM53,0,0,0,0,0,0,0,0,0,0,0,0,0,0,0,0,1,1,0,0,2,2,4,0,0,0,0,0,0,0,0,0,0,1,0,1,0
CBM54,0,0,0,0,0,0,0,0,0,0,0,0,0,0,0,0,0,0,0,0,0,0,5,0,7,0,0,0,0,0,0,0,0,0,0,0,1
CBM56,0,0,0,0,0,0,0,0,0,0,0,0,0,0,0,0,0,0,0,0,0,0,0,0,1,0,0,0,0,0,0,0,0,0,0,0,0
CBM57,35,35,17,6,9,17,7,8,0,3,2,1,2,0,3,19,11,30,17,34,28,18,31,1,1,4,3,4,46,8,29,3,38,15,0,34,5
CBM6,7,9,6,5,2,2,0,0,0,1,1,0,0,1,1,18,10,17,13,6,6,5,26,1,2,0,0,1,10,0,18,0,6,7,0,9,1
CBM61,1,0,0,0,0,0,0,0,0,0,0,0,0,0,0,0,0,0,0,1,2,2,0,0,0,0,0,1,0,0,1,0,0,0,0,1,0
CBM62,1,0,0,0,0,0,0,0,0,0,0,0,0,0,0,0,0,0,0,0,0,0,0,0,0,0,0,0,0,0,0,0,0,0,0,0,0
CBM63,0,0,0,0,0,0,0,0,0,0,0,0,0,0,0,0,0,0,0,0,0,0,1,0,0,0,0,0,1,0,0,0,0,0,0,0,0
CBM66,9,12,13,2,0,4,1,9,0,0,2,1,5,3,1,9,4,6,1,2,43,35,43,0,1,4,8,4,6,0,24,10,37,15,2,21,7
CBM67,36,40,26,6,7,14,5,12,4,3,4,6,2,1,1,90,38,49,14,13,70,35,122,3,4,7,18,22,102,9,148,23,167,60,7,163,40
CBM69,0,0,1,0,0,0,0,0,0,0,0,0,0,0,0,0,0,0,0,0,0,0,4,0,0,0,0,0,0,0,0,0,0,0,0,0,0
CBM73,1,1,0,0,0,1,0,1,0,0,0,0,0,0,0,0,0,0,0,0,0,0,0,0,0,0,0,0,0,0,0,0,1,0,0,0,0
CBM74,0,0,0,0,0,0,0,0,0,0,0,0,0,0,0,0,0,0,0,1,0,0,2,0,0,0,0,0,0,0,0,0,0,0,0,0,0
CBM8,0,0,0,0,1,0,0,0,0,0,0,0,0,0,0,0,1,1,4,0,3,2,0,0,1,0,0,0,2,0,0,2,1,0,0,2,0
CBM82,0,0,0,0,0,0,0,0,0,0,0,0,0,0,0,0,0,0,0,1,0,0,0,0,0,0,0,0,0,0,0,0,0,0,0,0,0
CBM83,0,0,0,0,0,0,0,0,0,0,0,0,0,0,0,0,0,0,0,1,0,0,0,0,0,0,0,0,0,0,0,0,0,0,0,0,0
CBM85,2,2,1,0,0,0,0,2,0,1,1,0,0,0,0,9,4,10,0,1,7,5,9,0,1,0,1,2,5,1,5,4,5,6,0,3,1
CBM86,0,0,0,0,0,0,0,0,0,0,0,0,0,0,0,0,0,0,0,1,0,0,0,0,0,0,0,0,0,0,0,0,0,0,0,0,0
CBM87,0,0,0,0,0,0,0,0,0,0,0,0,0,0,0,0,0,0,0,0,0,0,0,0,0,0,0,0,0,0,0,0,1,0,0,0,0
CBM9,338,436,322,61,83,122,44,87,6,51,26,23,15,16,9,215,163,206,103,56,237,177,310,4,17,97,92,66,310,50,168,120,391,153,86,434,100
CE1,399,481,342,88,101,176,48,77,7,24,27,25,16,18,19,369,247,362,171,196,210,144,411,5,39,63,87,61,420,71,255,61,329,175,66,633,128
CE11,20,19,12,4,7,7,5,5,2,1,1,2,2,1,1,1,3,0,4,2,0,1,5,2,0,9,2,2,4,1,6,0,9,6,7,5,2
CE12,5,9,2,1,3,6,0,1,0,0,0,0,0,0,0,5,4,8,5,5,0,1,6,0,0,0,0,0,16,7,10,2,10,3,0,7,0
CE13,37,44,21,5,4,13,4,0,1,0,0,0,0,0,0,3,14,8,15,4,0,1,0,0,1,2,0,0,44,15,2,0,4,1,1,9,2
CE14,65,69,71,8,17,25,21,21,5,11,5,6,4,1,3,71,55,78,28,52,15,13,16,1,9,17,21,19,98,8,71,17,84,36,22,97,25
CE15,10,20,20,1,2,8,1,12,1,3,2,1,1,1,1,11,11,17,9,10,14,7,12,0,0,0,7,17,29,1,56,9,52,32,5,45,11
CE16,24,28,11,2,3,9,2,0,0,0,0,0,0,0,0,2,5,13,6,23,7,6,12,0,3,3,2,0,30,8,2,0,2,1,0,2,3
CE17,1,4,1,0,0,2,0,3,1,2,1,1,0,0,0,7,2,4,4,7,4,3,21,0,0,0,0,1,5,0,9,0,11,6,0,11,0
CE18,0,0,0,0,0,0,0,0,0,0,0,0,0,0,0,0,0,0,0,0,0,0,0,0,0,0,0,0,0,0,0,0,1,0,0,0,0
CE2,4,6,4,1,0,2,0,0,0,0,2,0,0,0,0,9,2,3,2,3,4,3,14,0,2,2,1,1,10,1,4,0,4,1,0,11,2
CE3,31,31,21,8,9,17,2,2,0,2,1,4,3,2,2,67,26,55,23,20,34,27,51,2,7,4,7,5,84,4,25,9,44,20,4,48,20
CE4,173,191,143,32,44,67,44,35,8,21,19,16,21,15,15,63,43,74,51,111,103,93,173,8,26,45,44,47,164,31,121,44,187,92,26,177,55
CE5,2,5,3,0,3,3,2,0,0,0,0,0,0,0,0,1,1,0,0,1,0,0,0,0,0,2,0,0,0,0,1,0,4,1,1,6,0
CE6,6,12,4,0,4,7,1,1,0,1,0,0,0,1,0,14,3,18,5,8,1,3,6,0,0,1,0,0,17,2,8,2,10,5,0,9,3
CE7,16,14,20,2,3,6,4,11,4,4,6,0,2,4,5,25,18,11,8,16,36,16,28,3,15,6,9,8,34,2,56,21,66,25,2,56,18
CE8,1,1,1,0,0,0,0,2,0,1,1,0,1,1,0,0,1,0,1,2,12,13,3,0,3,0,0,0,7,3,2,3,1,0,0,15,1
CE9,2,5,6,1,4,2,2,1,0,1,2,1,0,1,0,9,5,9,1,7,5,1,4,1,1,3,3,0,7,1,9,4,14,5,0,11,7
GH1,3,3,3,0,0,2,2,1,0,1,0,0,1,2,1,1,1,2,2,8,6,10,10,0,2,1,2,0,5,0,48,3,62,31,0,12,5
GH10,3,5,3,1,0,2,1,15,1,5,0,2,4,0,2,46,19,39,6,28,22,14,17,0,7,0,12,16,39,11,29,12,65,19,0,56,11
GH101,0,0,0,0,0,0,0,0,0,0,0,0,0,0,0,1,1,2,0,1,0,0,1,0,0,0,0,0,0,0,3,0,0,0,0,0,0
GH102,29,40,36,7,7,15,22,10,4,5,3,4,1,4,4,13,11,15,17,31,23,20,85,1,17,13,13,8,33,17,24,9,41,18,10,66,23
GH103,236,264,180,61,65,117,38,32,4,11,4,18,2,4,3,37,48,60,29,146,40,35,110,16,36,46,32,16,197,70,32,16,66,32,31,78,24
GH104,0,0,0,0,0,0,0,0,0,0,0,0,0,0,0,0,0,0,0,0,0,0,0,0,0,0,0,0,0,3,0,0,0,0,0,1,0
GH105,11,10,3,1,0,2,0,4,0,1,1,0,1,0,1,25,16,24,13,9,13,7,35,0,0,1,2,7,52,6,37,2,47,11,1,34,7
GH106,6,3,1,0,0,0,0,5,0,0,0,0,0,0,0,40,11,10,10,6,19,9,43,0,0,0,2,3,40,2,87,9,61,24,0,70,13
GH107,0,1,0,0,0,0,0,0,0,0,0,0,0,0,0,1,0,0,0,0,0,0,0,0,0,0,0,0,1,0,0,0,2,0,0,0,0
GH108,1,1,1,1,0,0,0,0,0,0,0,0,1,0,0,0,0,0,0,0,0,1,3,0,0,0,2,1,0,0,1,0,0,4,0,5,0
GH109,274,333,309,54,58,102,81,509,48,231,83,109,67,37,62,461,332,424,257,179,363,257,395,29,32,90,279,533,803,47,930,296,1469,738,68,1550,439
GH11,0,0,0,0,0,0,0,0,0,0,0,0,0,0,0,1,0,1,0,0,0,0,0,0,0,0,0,0,0,0,0,0,0,0,0,0,1
GH110,1,6,0,0,0,1,0,1,0,0,0,0,0,0,0,6,1,3,0,9,3,2,8,0,0,0,1,0,9,5,11,1,10,15,0,14,1
GH111,0,0,0,0,0,0,0,0,0,0,0,0,0,0,0,0,0,0,0,0,3,1,8,0,0,0,0,0,0,0,7,0,2,0,0,0,0
GH112,0,0,0,0,0,0,0,0,0,0,0,0,0,0,0,0,0,0,0,0,0,0,0,0,0,0,0,0,1,0,0,0,0,0,0,0,0
GH113,36,39,46,4,8,10,21,11,2,2,0,5,5,3,1,21,14,33,4,15,35,31,17,3,2,6,13,6,45,3,28,10,46,21,13,25,8
GH114,18,18,16,3,1,4,1,4,0,0,3,0,0,3,3,21,13,16,13,18,63,50,114,0,6,2,2,2,9,0,46,11,56,24,5,47,6
GH115,0,1,0,0,0,0,0,0,0,0,0,0,0,0,0,7,1,4,0,2,1,1,2,0,0,0,0,0,2,2,8,0,5,3,0,4,0
GH116,2,3,1,2,0,2,0,3,0,0,1,0,1,0,0,8,8,4,2,0,15,7,24,0,1,0,0,2,6,0,33,7,30,13,0,31,4
GH117,7,8,4,1,0,2,0,8,0,2,1,0,0,1,0,65,30,31,2,8,9,5,5,0,0,0,3,12,69,1,23,5,43,15,0,47,22
GH119,0,0,0,1,0,0,0,0,0,0,0,0,0,0,0,0,0,0,0,0,2,3,2,0,2,0,0,0,0,0,0,0,0,0,0,0,0
GH12,0,0,0,0,0,0,0,0,0,0,1,0,0,0,0,0,0,0,0,1,4,1,1,0,0,0,1,2,0,0,2,0,0,0,0,3,1
GH120,5,3,0,0,0,0,0,5,0,0,0,0,0,0,0,15,10,7,3,3,3,2,7,0,1,0,3,4,15,0,41,4,16,14,0,26,3
GH121,0,0,0,0,0,0,0,0,0,0,0,0,0,0,0,0,0,0,0,2,0,0,0,0,0,0,0,0,0,0,0,0,0,0,0,0,0
GH123,2,1,1,0,1,2,0,8,0,1,0,0,0,0,0,16,5,6,5,2,20,11,5,0,1,0,1,5,10,0,26,20,30,10,0,9,2
GH125,1,0,0,0,0,0,0,3,0,0,0,0,0,0,0,3,0,0,1,0,1,0,2,0,1,0,1,0,3,1,1,0,1,0,0,0,0
GH126,0,0,0,0,0,0,0,0,0,0,0,0,0,0,0,0,0,0,0,0,0,1,0,0,1,0,0,0,0,0,0,0,1,0,0,1,0
GH127,3,3,2,1,1,1,0,15,1,3,1,0,1,0,3,23,13,18,8,2,22,15,38,0,4,0,7,13,37,2,78,10,114,55,0,99,18
GH128,4,4,4,0,0,3,1,0,0,0,0,0,0,0,0,2,0,3,1,2,2,1,3,0,0,1,1,0,3,1,6,1,5,3,0,14,0
GH129,0,0,0,0,0,0,0,8,0,1,0,0,0,0,0,1,1,1,0,1,5,4,6,0,0,0,3,8,3,0,9,11,20,11,0,14,3
GH13,9,4,5,0,1,2,0,1,0,0,0,0,0,0,0,17,13,12,4,17,44,26,105,0,8,0,3,2,36,7,10,2,10,4,1,21,5
GH130,3,4,3,0,2,3,0,3,1,3,3,3,2,1,0,15,10,17,4,10,14,12,6,0,7,0,1,9,20,1,10,6,17,6,1,12,11
GH133,1,0,0,0,0,0,0,2,1,1,2,0,2,2,1,1,2,1,5,2,9,6,7,0,1,0,1,4,5,2,2,2,6,3,0,5,5
GH135,3,0,3,0,0,0,0,0,0,0,0,0,0,0,0,0,0,0,1,0,5,3,1,0,0,0,0,1,0,1,1,0,4,1,0,1,0
GH136,3,4,4,1,0,4,0,11,0,0,1,0,0,0,0,10,5,4,5,2,20,16,20,0,1,1,8,10,21,5,62,1,52,21,2,41,10
GH137,1,2,0,0,1,1,0,1,0,1,0,1,0,0,0,6,4,3,1,2,4,8,8,0,0,0,2,2,13,0,6,2,9,1,0,20,3
GH138,1,1,0,0,0,2,0,4,0,0,0,0,0,0,0,30,4,3,1,2,3,1,10,0,0,0,3,5,24,1,35,8,24,12,0,15,4
GH139,0,0,0,0,0,0,0,2,0,1,0,0,0,0,0,12,7,5,2,1,3,0,4,0,2,0,1,2,11,0,29,5,35,13,0,10,4
GH13_1,1,0,0,0,0,0,0,0,0,0,0,0,0,0,0,0,0,1,1,0,3,0,5,0,2,0,0,0,0,0,0,0,0,0,0,0,0
GH13_10,0,0,0,0,0,0,0,0,0,0,0,0,0,1,1,18,5,18,5,1,20,7,48,0,4,0,0,0,2,0,3,0,6,0,0,5,2
GH13_11,4,1,3,0,1,1,0,0,0,0,0,0,0,0,0,0,1,1,2,1,1,0,2,0,0,0,1,0,4,0,0,0,0,0,0,2,2
GH13_12,0,0,0,0,0,0,0,0,0,0,0,0,0,0,0,0,0,0,0,0,0,0,1,0,0,0,0,0,0,0,0,0,0,0,0,0,0
GH13_13,1,0,0,3,0,0,0,0,0,0,0,0,0,1,1,0,0,0,0,4,2,2,5,0,0,0,0,0,7,2,0,0,0,0,0,0,0
GH13_14,2,0,0,0,0,0,0,1,0,0,0,0,0,0,0,5,3,3,0,7,8,4,23,0,8,0,0,2,2,0,3,2,1,1,0,2,0
GH13_16,0,0,0,0,1,0,0,0,0,0,0,0,0,0,0,0,0,0,0,1,0,0,0,0,0,0,0,0,1,0,1,0,0,1,0,0,0
GH13_18,1,1,0,0,0,0,0,0,1,0,0,0,0,1,0,1,0,1,0,0,0,1,3,0,0,0,0,0,1,0,0,0,1,1,1,1,1
GH13_19,5,2,3,1,1,3,0,0,0,0,0,0,0,0,0,17,10,16,1,12,0,0,9,0,2,0,0,0,7,0,1,0,0,0,1,3,2
GH13_2,7,1,2,1,0,3,0,1,0,0,0,0,0,0,0,0,1,2,1,0,1,2,7,0,0,0,0,0,8,4,1,0,0,1,0,0,0
GH13_20,4,0,0,0,0,0,0,2,0,0,0,0,1,0,1,8,3,7,3,5,19,13,31,0,2,0,2,0,8,1,4,1,2,2,0,15,6
GH13_23,2,3,2,0,0,0,0,0,0,0,0,0,0,0,0,0,0,1,0,1,1,1,0,0,1,0,0,0,5,0,0,0,2,1,0,0,0
GH13_24,0,0,0,0,0,0,0,1,0,0,0,0,0,0,0,0,0,0,0,0,0,2,2,0,0,0,0,0,0,0,0,0,0,0,0,0,0
GH13_26,0,0,0,0,0,1,0,0,0,0,0,0,0,0,0,0,0,0,0,0,0,0,0,0,0,0,0,0,1,0,1,0,0,0,0,0,0
GH13_27,0,1,0,1,0,0,0,0,0,0,0,0,0,0,0,0,0,0,0,0,0,0,1,0,0,0,0,0,0,0,0,0,0,0,0,0,0
GH13_28,0,0,0,0,0,0,0,0,0,0,0,0,0,0,0,0,0,0,0,7,0,0,0,0,1,0,0,0,0,0,0,0,0,0,0,0,0
GH13_3,1,0,1,0,0,0,0,0,0,2,0,1,0,1,0,1,0,2,1,1,1,1,0,0,2,0,0,0,3,1,0,0,2,1,0,3,1
GH13_31,1,0,1,1,1,0,0,0,0,0,0,0,0,0,0,0,2,2,1,1,0,0,0,0,0,0,0,0,0,1,0,0,0,0,0,0,0
GH13_32,9,3,0,0,0,0,0,1,0,0,0,0,0,0,0,0,1,2,0,2,0,0,0,0,1,0,0,0,4,5,0,0,0,0,0,0,0
GH13_33,0,0,0,0,0,0,0,0,0,0,0,0,0,0,0,0,0,0,0,2,0,0,0,0,0,0,0,0,0,0,4,4,6,2,0,0,0
GH13_36,7,3,1,0,1,3,0,2,0,0,1,0,1,2,5,3,6,5,9,6,10,8,33,0,16,0,0,0,19,1,5,1,6,2,0,20,4
GH13_37,0,1,0,0,0,0,0,0,0,0,0,0,0,0,0,0,0,0,0,0,0,0,12,0,0,0,1,0,0,0,0,0,0,0,0,0,0
GH13_38,11,8,1,0,2,3,0,0,0,0,0,0,1,1,1,21,13,21,3,5,1,0,4,0,4,0,0,0,14,3,0,0,0,1,0,6,3
GH13_39,0,0,0,0,0,0,0,0,0,0,1,0,0,0,0,0,0,0,0,2,1,2,5,0,0,0,0,0,0,0,0,0,0,1,0,0,0
GH13_4,0,0,0,0,0,0,0,0,0,0,0,0,0,0,0,1,0,1,0,1,0,0,0,0,0,0,0,1,4,1,0,0,0,0,0,0,0
GH13_41,0,0,0,0,0,0,0,1,0,0,0,1,0,0,0,0,1,0,1,1,0,0,0,0,4,0,0,0,2,0,0,0,0,0,0,0,0
GH13_42,0,0,0,0,0,0,0,0,0,0,0,0,0,0,0,0,0,0,1,1,0,0,5,0,0,0,0,0,0,0,0,0,0,0,0,0,0
GH13_5,0,0,0,0,0,0,0,0,0,0,0,0,0,0,0,0,0,0,1,0,3,1,1,0,0,0,0,0,10,1,0,0,0,0,0,1,0
GH13_6,0,0,0,1,0,0,0,0,0,0,1,0,1,1,1,0,0,0,1,0,2,0,0,0,1,0,0,0,3,0,0,0,0,0,0,1,0
GH13_7,1,0,1,0,0,0,0,3,0,0,0,0,0,0,0,0,0,2,2,4,3,2,7,0,1,0,0,0,2,0,0,1,4,5,0,2,0
GH13_8,1,0,0,0,0,1,0,0,0,0,0,0,0,0,0,0,1,1,0,0,0,0,0,0,0,0,0,0,1,0,0,0,1,0,0,0,0
GH13_9,2,0,1,2,0,1,1,0,0,0,0,0,0,0,0,1,1,0,0,4,0,0,7,0,0,0,0,1,1,0,1,0,2,0,0,0,0
GH14,3,0,0,0,0,0,0,1,0,0,0,0,0,0,0,0,0,0,1,0,0,0,1,0,0,0,0,0,0,0,4,0,0,0,0,0,0
GH140,2,0,3,0,0,0,3,10,0,3,4,1,1,1,4,23,9,6,7,16,16,6,35,0,1,0,6,11,65,2,47,11,48,24,0,57,21
GH141,7,6,3,1,2,2,0,16,0,0,1,1,1,0,2,47,17,19,5,4,40,24,34,0,4,1,9,17,35,4,166,19,141,49,0,102,10
GH142,3,5,0,1,0,3,0,3,0,2,0,0,0,0,0,4,0,10,0,1,3,4,2,0,0,0,3,0,10,0,4,2,14,4,0,6,1
GH143,4,1,0,0,1,1,0,0,0,0,0,0,0,0,0,3,2,4,2,1,0,0,0,0,0,0,0,3,10,0,2,0,10,12,0,2,4
GH144,8,7,1,0,0,3,0,6,0,1,3,0,1,2,4,11,11,14,11,21,27,21,24,0,14,0,2,4,17,1,15,4,13,8,0,23,16
GH145,5,3,4,0,0,0,0,11,0,7,2,1,2,1,2,4,4,6,9,3,8,8,8,0,0,0,10,14,31,3,20,9,36,7,1,32,11
GH146,1,0,0,0,0,0,0,5,0,1,1,0,0,0,0,9,5,14,3,0,9,6,4,0,0,0,4,8,12,2,29,3,55,25,0,35,3
GH147,0,0,0,0,0,0,0,0,0,0,0,0,0,0,0,2,1,2,0,0,0,0,1,0,0,0,0,0,1,0,2,0,1,2,0,2,0
GH148,4,3,0,0,0,1,0,13,2,6,0,3,1,1,1,1,1,2,3,0,24,19,9,0,1,0,6,11,9,1,35,13,55,22,0,36,11
GH149,1,2,1,0,0,0,0,0,0,0,0,0,0,0,0,0,0,0,0,0,0,0,0,0,0,0,0,0,0,0,0,0,0,0,0,0,0
GH15,3,10,3,3,2,1,6,5,1,3,1,2,1,0,1,2,3,2,0,3,4,5,3,4,2,6,6,4,4,3,10,1,11,9,2,3,2
GH150,0,0,0,0,0,0,0,0,0,0,0,0,0,0,0,1,0,1,0,0,1,1,1,0,0,0,0,0,0,0,0,0,0,0,0,4,0
GH151,1,0,1,0,1,1,0,9,0,2,2,0,0,1,1,18,11,3,4,1,4,3,0,0,0,1,4,7,39,0,32,11,36,19,0,20,4
GH152,2,2,0,0,1,3,0,0,0,0,0,0,0,0,0,0,0,0,0,0,0,0,0,0,0,0,0,0,0,0,2,0,1,0,1,1,0
GH153,2,8,4,1,2,2,1,1,0,0,1,0,0,2,1,0,1,1,0,5,9,7,8,0,1,0,1,0,0,6,1,0,0,0,1,3,0
GH154,1,0,0,0,1,0,0,0,0,0,0,0,0,1,1,1,0,0,0,1,1,2,0,0,0,0,0,1,0,0,4,0,1,0,0,0,1
GH156,1,2,4,0,0,2,0,3,0,0,0,0,0,0,0,2,0,0,0,3,5,1,0,0,0,0,0,0,3,0,40,12,55,10,1,6,2
GH157,3,4,2,0,1,2,0,0,0,0,1,0,0,0,0,5,1,6,1,1,4,5,3,0,2,0,0,0,3,1,2,0,0,1,0,1,1
GH158,93,76,28,13,23,41,0,4,1,0,1,3,0,0,1,48,42,52,21,11,13,23,10,0,4,0,3,1,65,30,13,5,4,7,0,11,1
GH159,1,0,0,0,0,0,0,0,0,0,0,0,0,0,0,1,1,1,0,0,0,0,1,0,0,0,2,0,6,0,2,1,0,2,0,4,1
GH16,8,5,4,3,2,2,0,1,0,0,0,0,0,0,0,8,3,1,1,2,5,3,12,0,0,0,0,1,10,7,1,1,3,1,0,0,1
GH160,0,0,0,0,0,0,0,1,0,0,0,0,0,0,0,0,0,0,0,0,0,0,0,0,0,0,0,0,0,0,0,0,0,0,0,0,0
GH162,0,0,0,0,0,0,0,0,0,0,0,0,0,0,0,0,0,0,0,0,0,0,0,0,0,0,0,0,0,0,0,1,0,0,0,0,0
GH163,3,6,8,1,1,4,0,10,0,1,1,1,1,0,0,15,7,10,1,8,35,15,33,0,6,0,2,8,17,0,51,18,66,30,0,29,4
GH164,0,0,0,0,0,0,0,0,0,0,0,0,0,0,0,1,0,1,0,0,0,0,0,0,3,0,0,0,2,0,1,0,1,1,0,2,0
GH165,3,11,7,0,3,2,2,18,0,0,0,0,0,0,0,7,4,8,3,10,20,7,18,0,0,1,4,5,22,1,91,18,103,34,0,70,12
GH166,0,3,3,0,0,0,1,0,0,0,1,0,0,1,0,2,3,9,0,7,24,14,13,0,4,1,3,0,2,0,10,0,6,1,2,3,1
GH167,0,0,0,0,0,0,0,0,0,0,0,0,0,0,0,0,0,0,0,0,1,1,1,0,0,0,0,0,2,0,4,1,2,0,0,1,0
GH168,2,6,5,0,0,1,0,1,0,0,0,0,0,0,0,7,0,0,1,1,12,11,2,0,1,0,0,2,5,2,18,2,7,3,0,2,1
GH16_1,0,0,0,0,0,0,0,0,0,0,0,0,0,0,0,0,0,0,0,0,0,0,0,0,0,0,0,0,1,0,0,0,0,0,0,2,0
GH16_10,0,0,0,0,0,0,0,0,0,0,0,0,0,0,0,0,0,0,0,0,0,0,0,0,0,0,1,0,0,0,0,0,0,0,0,2,1
GH16_11,0,0,0,0,0,0,0,0,0,0,0,0,0,0,0,3,0,1,0,0,0,0,0,0,0,0,0,0,0,0,0,0,0,0,0,0,0
GH16_12,0,0,0,0,0,0,0,1,0,0,0,0,0,0,0,19,8,4,0,1,0,0,0,0,0,0,0,1,3,0,0,0,0,0,0,1,1
GH16_13,0,0,0,0,0,0,0,0,0,0,0,0,0,0,0,8,3,3,3,2,0,0,0,0,0,0,0,0,0,0,9,0,11,2,0,0,0
GH16_14,0,0,0,0,0,0,0,7,1,2,0,2,0,0,0,4,1,1,1,0,0,1,3,0,0,0,2,6,6,0,12,0,15,5,0,10,1
GH16_15,0,0,0,0,0,0,0,0,0,0,0,0,0,0,0,2,0,0,0,0,0,0,0,0,0,0,0,0,1,0,0,0,0,0,0,0,0
GH16_16,0,0,0,0,0,0,0,0,0,0,0,0,0,0,0,1,0,0,0,0,0,0,0,0,0,0,0,0,1,0,0,0,0,0,0,0,0
GH16_17,0,0,0,0,0,0,0,0,0,0,0,0,0,0,0,0,0,1,0,3,0,0,0,0,0,0,0,0,4,0,0,0,1,0,0,0,0
GH16_21,7,9,6,2,1,6,1,0,0,1,0,0,0,0,0,1,1,6,0,5,2,2,2,0,0,2,2,1,5,1,5,2,5,1,1,1,0
GH16_23,0,0,0,0,0,0,0,0,0,0,0,0,0,0,0,0,0,0,0,0,1,0,1,0,0,0,0,0,0,0,0,0,1,0,0,0,0
GH16_24,1,0,0,1,0,0,0,0,0,0,0,0,0,0,0,1,0,0,0,0,0,0,0,0,0,0,0,0,0,0,3,0,0,0,0,0,0
GH16_25,0,1,0,0,0,0,0,0,0,0,0,0,1,0,0,3,3,0,0,0,10,7,9,0,0,0,0,1,4,0,0,0,1,0,0,0,4
GH16_26,0,0,0,0,0,0,0,0,0,0,0,0,0,0,0,9,2,0,1,0,0,0,0,0,0,0,0,0,0,0,0,0,0,0,0,0,0
GH16_3,175,138,62,13,41,61,5,18,5,7,3,7,5,2,0,169,134,200,67,76,28,19,71,0,13,7,14,24,198,56,40,11,57,18,1,84,21
GH16_4,0,0,0,0,0,0,0,0,0,0,0,0,0,0,0,1,0,0,0,0,0,0,0,0,0,0,0,0,0,0,0,0,0,0,0,1,0
GH16_5,0,4,0,0,1,1,0,1,0,0,0,0,0,0,0,0,3,13,0,12,1,1,3,0,0,0,0,0,1,0,1,0,2,1,0,2,0
GH16_7,0,0,0,0,0,0,0,3,0,1,0,0,0,0,0,0,0,0,0,0,0,0,0,0,0,0,0,1,0,0,2,0,0,0,0,0,1
GH17,3,0,2,0,1,2,0,2,0,0,0,0,0,0,1,15,8,10,7,4,5,5,6,0,4,0,1,0,12,3,5,0,3,2,0,4,2
GH18,38,27,11,14,13,17,2,4,0,0,2,0,3,2,2,30,12,21,8,19,45,34,92,0,8,2,1,1,31,3,57,8,46,17,2,46,8
GH19,0,1,0,1,0,0,0,0,0,0,0,0,0,0,0,0,0,0,0,0,0,0,7,0,0,0,0,0,0,0,2,0,3,2,0,1,0
GH2,13,20,11,3,1,8,0,19,0,1,1,2,0,0,0,176,62,78,14,50,89,41,171,0,13,0,10,20,111,8,213,25,213,97,3,148,21
GH20,21,19,9,2,2,15,1,11,0,4,0,0,1,2,0,87,57,71,14,53,54,36,81,0,15,2,6,12,50,2,66,16,74,29,2,67,20
GH22,0,0,0,0,0,0,0,0,0,0,0,0,0,0,0,0,0,0,0,0,0,0,0,0,0,0,0,0,0,0,0,0,1,0,0,3,0
GH23,650,800,577,142,168,267,148,147,26,48,34,59,29,29,30,247,207,242,188,273,380,318,675,17,99,183,146,84,736,226,224,90,314,161,123,429,154
GH24,7,5,4,0,0,2,0,2,0,0,0,1,1,0,0,1,1,0,1,5,1,1,31,0,0,0,0,0,2,4,10,2,7,8,1,8,1
GH25,6,8,4,1,3,4,0,0,0,1,0,0,1,1,0,10,4,16,6,45,15,9,11,1,2,1,1,0,8,1,7,1,6,7,2,8,2
GH26,7,7,3,0,1,0,1,3,0,0,3,1,1,1,1,36,22,31,9,23,17,11,25,0,6,2,2,5,38,6,35,9,45,19,1,41,7
GH27,0,1,1,0,1,1,0,2,0,1,0,0,0,0,0,16,7,0,2,5,16,10,14,0,0,0,1,2,9,1,10,3,24,4,0,13,4
GH28,7,4,1,0,0,0,0,19,1,7,2,1,1,1,3,42,17,11,6,7,22,9,38,0,5,0,11,28,57,6,78,18,100,47,0,98,30
GH29,106,56,36,3,20,19,2,56,5,33,13,5,6,4,6,358,166,207,54,49,117,60,174,0,15,2,40,76,331,26,371,41,373,179,3,520,151
GH3,129,124,78,18,38,56,13,19,2,18,5,8,6,7,7,178,109,148,44,122,155,113,276,1,30,14,15,29,202,46,120,32,154,74,16,193,52
GH30,1,0,3,0,0,0,1,5,0,1,1,0,0,0,0,10,2,5,1,1,6,3,1,0,0,0,0,1,7,0,15,1,17,5,0,9,0
GH30_1,22,13,4,2,2,6,0,0,0,1,1,0,0,0,0,34,16,27,12,4,1,1,5,0,1,0,0,0,18,4,3,0,1,2,0,1,1
GH30_2,0,0,0,0,0,0,0,0,0,0,0,0,0,0,0,3,0,0,0,0,0,0,0,0,0,0,0,0,0,0,0,0,0,0,0,0,0
GH30_3,0,0,0,0,0,0,0,1,0,0,0,0,0,0,0,2,2,2,1,9,1,1,0,0,1,0,1,0,2,0,1,0,0,0,0,2,1
GH30_4,1,1,0,0,0,0,0,0,0,0,0,0,0,0,0,5,5,2,3,1,4,3,10,0,1,0,0,2,5,0,7,0,2,3,0,13,4
GH30_5,1,0,0,0,0,0,0,0,0,0,0,0,0,0,0,0,0,0,0,1,0,0,0,0,0,0,0,0,1,0,2,0,0,1,0,6,2
GH30_8,0,0,0,0,0,0,0,0,0,0,0,0,0,0,0,0,0,0,0,0,0,0,0,0,0,0,0,0,0,0,0,0,0,0,0,1,0
GH31,14,8,2,1,3,3,0,2,0,0,2,0,1,0,1,27,14,14,15,14,36,22,46,0,4,0,1,5,28,6,24,2,18,16,0,25,4
GH32,10,7,11,0,5,4,1,22,0,5,0,2,0,2,0,41,23,32,16,17,14,11,29,0,2,0,6,24,34,1,113,15,147,65,0,140,27
GH33,42,33,36,4,6,13,3,36,0,7,6,2,3,0,1,70,36,55,25,39,60,47,71,0,5,6,17,33,63,5,215,30,225,101,8,147,35
GH35,0,0,1,0,0,0,0,1,0,0,0,0,0,0,0,9,2,1,0,4,5,7,5,0,0,0,1,3,4,1,5,1,7,3,0,5,0
GH36,3,2,0,0,0,0,0,1,0,0,0,0,0,0,0,5,7,6,1,2,13,4,12,0,0,0,1,4,12,0,20,7,25,11,0,11,4
GH37,6,3,1,0,1,2,3,0,1,0,0,2,0,0,0,4,4,7,3,4,1,1,6,0,0,4,3,1,6,1,6,2,4,0,1,4,2
GH38,3,4,1,1,0,0,0,8,1,4,3,1,1,0,1,30,21,19,7,3,24,14,36,0,4,1,5,5,28,0,38,5,36,12,0,51,11
GH39,3,4,0,0,0,1,0,16,0,3,13,1,17,21,17,2,10,4,13,5,166,140,106,0,3,1,6,6,37,1,42,28,90,27,1,88,18
GH4,2,7,1,0,2,0,0,20,4,17,7,9,6,4,4,10,5,0,9,3,16,18,26,0,3,0,7,15,19,0,40,18,83,27,2,63,24
GH42,1,1,1,0,0,0,0,5,0,0,0,0,0,0,0,5,3,4,2,0,13,14,6,0,0,0,3,3,14,1,10,3,12,8,0,10,1
GH43,0,1,2,0,0,1,3,2,3,1,0,0,0,0,0,0,0,1,2,0,3,4,17,0,0,2,2,1,5,0,21,3,17,9,0,17,1
GH43_1,0,0,0,0,0,0,0,0,0,0,0,0,0,0,0,0,0,1,0,0,0,0,0,0,0,0,0,0,0,0,0,0,0,0,0,0,0
GH43_10,2,0,0,0,0,0,0,3,1,2,0,0,0,0,0,2,1,0,3,4,0,0,3,0,0,0,2,3,13,1,0,1,4,0,0,17,4
GH43_11,0,0,1,0,1,0,0,0,0,0,0,0,0,0,0,1,0,0,0,1,0,0,2,0,0,0,0,1,0,0,0,0,0,0,0,2,0
GH43_12,2,5,0,0,1,1,0,0,0,0,0,0,0,0,0,19,5,10,1,6,0,0,0,0,0,0,2,0,17,6,0,0,1,0,0,4,3
GH43_15,0,0,0,0,0,0,0,0,0,0,0,0,0,0,0,0,0,0,0,0,0,0,0,0,0,0,0,0,0,0,0,0,0,0,0,1,0
GH43_16,0,0,0,0,0,0,0,0,0,0,0,0,0,0,0,0,0,0,0,1,0,0,0,0,0,0,0,0,0,0,0,0,0,0,0,0,0
GH43_17,0,1,0,0,0,0,0,0,0,1,0,0,0,0,0,2,0,1,0,1,1,0,3,0,0,0,2,1,7,0,0,0,1,0,0,3,3
GH43_18,1,0,0,0,1,0,0,4,0,1,0,1,0,0,0,7,7,9,4,1,2,1,12,0,0,0,0,3,17,0,11,4,14,7,0,20,5
GH43_19,0,0,0,0,0,0,0,0,0,0,0,0,0,0,0,0,0,0,0,1,0,0,0,0,0,0,0,0,1,0,0,0,0,0,0,0,0
GH43_2,0,1,0,0,0,0,0,0,0,0,0,0,0,0,0,11,3,0,0,0,0,0,4,0,0,0,0,0,7,2,2,0,1,0,0,4,3
GH43_20,0,0,0,0,0,0,0,1,0,1,0,0,0,0,0,0,0,0,0,0,0,0,0,0,0,0,0,0,0,0,0,0,3,2,0,1,0
GH43_22,0,0,0,0,0,0,0,0,0,0,0,0,0,0,0,0,0,0,0,3,0,0,0,0,0,0,0,0,0,0,0,0,0,0,0,0,0
GH43_24,5,7,2,2,5,5,0,1,0,0,1,1,0,0,0,3,1,4,0,3,1,0,4,0,1,0,1,4,6,0,8,0,11,3,0,13,4
GH43_26,6,0,2,0,0,2,0,2,0,0,0,0,0,0,0,3,1,0,1,2,1,0,6,0,0,0,1,0,5,1,4,0,2,1,0,11,2
GH43_28,0,0,1,0,0,0,0,0,1,1,0,0,0,0,0,2,0,0,0,6,0,0,1,0,0,0,1,3,6,0,2,0,10,4,1,9,2
GH43_29,4,2,0,0,0,0,0,0,0,0,0,0,0,0,0,14,6,8,2,3,0,0,2,0,0,0,0,2,13,1,6,0,6,4,1,19,3
GH43_3,0,0,0,0,0,0,0,0,0,0,0,0,0,0,0,2,0,0,0,0,0,0,13,0,2,0,0,1,1,0,2,0,3,1,0,3,4
GH43_30,1,1,1,0,0,1,0,0,0,0,0,0,0,0,0,0,1,3,1,8,0,0,1,0,0,0,0,0,0,0,0,0,0,0,0,0,0
GH43_31,2,0,0,0,0,0,1,4,0,0,0,0,0,0,0,0,0,0,0,0,8,7,44,0,0,0,0,0,2,2,8,2,2,1,0,8,0
GH43_32,0,0,0,0,0,0,0,0,0,0,0,0,0,0,0,0,0,0,0,0,0,0,5,0,0,0,0,0,0,0,3,0,0,0,0,1,0
GH43_33,2,1,0,0,0,0,0,0,0,1,0,0,0,0,0,2,0,1,1,3,6,5,17,0,0,0,0,0,0,0,4,0,2,2,0,9,0
GH43_34,1,0,0,0,0,0,0,0,0,0,0,0,0,0,0,7,3,8,0,3,3,3,4,0,0,0,1,1,8,1,5,2,3,3,0,3,0
GH43_35,0,0,0,0,0,0,0,0,0,0,0,0,0,0,0,1,0,0,0,0,0,0,0,0,0,0,0,0,0,0,0,0,0,0,0,0,0
GH43_4,0,0,0,0,0,0,0,0,0,0,0,0,0,0,0,0,0,0,0,6,0,0,0,0,0,0,0,1,3,1,0,0,1,1,0,2,0
GH43_5,1,0,0,0,0,1,0,2,3,0,0,0,0,0,0,0,0,0,1,1,0,0,1,0,0,0,1,3,7,1,7,0,8,7,0,14,3
GH43_8,0,0,0,0,0,0,0,0,0,0,0,0,0,0,0,4,1,2,0,0,0,0,0,0,0,0,0,0,0,0,0,0,0,0,0,0,0
GH43_9,0,0,0,0,0,1,0,0,0,0,0,0,0,0,0,3,1,2,0,0,0,0,0,0,0,0,0,0,4,0,1,0,3,3,0,3,1
GH44,0,0,1,0,0,0,0,1,0,0,0,0,0,0,0,1,1,0,3,0,0,1,0,0,0,0,0,0,1,0,2,0,3,0,0,3,0
GH45,0,0,0,0,0,0,0,0,0,0,0,0,0,0,0,0,0,0,0,0,0,0,0,0,0,0,0,0,0,0,0,0,0,0,0,1,0
GH46,0,0,0,1,0,0,0,0,0,0,0,0,0,0,0,0,0,0,0,0,0,0,0,0,0,0,0,0,0,0,0,0,0,1,0,0,0
GH47,0,0,0,0,0,0,0,1,0,0,0,0,0,0,0,1,2,1,0,0,1,1,1,0,0,0,0,0,1,0,0,0,1,0,0,2,0
GH49,0,0,0,0,0,0,0,0,0,0,0,0,0,0,0,1,0,1,0,0,0,0,0,0,0,0,0,0,0,0,1,0,0,1,0,1,0
GH5,5,8,6,1,1,1,2,11,0,5,0,0,2,0,1,3,1,2,2,8,50,44,84,0,3,2,1,7,10,0,37,17,47,14,1,51,5
GH50,0,0,0,0,0,0,0,7,0,1,0,0,0,0,0,8,2,5,5,2,6,2,9,0,0,0,1,6,21,2,30,7,28,22,0,27,1
GH51,4,2,2,1,0,0,0,8,1,2,0,1,3,0,0,9,9,8,5,7,27,22,32,0,3,0,5,8,28,3,39,14,61,35,0,50,13
GH52,0,0,0,0,0,0,0,0,0,0,0,0,0,0,0,0,0,0,0,0,0,0,0,0,0,0,0,0,0,0,0,0,0,0,0,1,0
GH53,2,3,2,0,1,1,0,4,0,3,2,0,0,1,0,20,12,25,5,6,12,7,16,0,1,0,3,3,12,2,11,1,16,5,0,21,5
GH54,0,0,0,0,0,0,0,0,0,0,0,0,0,0,0,0,0,0,0,1,0,0,0,0,0,0,0,0,0,0,1,0,0,0,0,0,0
GH55,1,1,0,0,0,0,0,0,0,0,0,0,0,0,0,2,0,0,0,0,0,0,0,0,1,0,0,0,9,1,5,1,2,4,0,2,0
GH57,1,0,0,0,0,0,0,1,1,1,0,0,1,1,1,0,3,3,2,5,33,21,8,0,1,0,1,2,3,0,5,5,7,2,0,8,3
GH59,0,0,0,0,0,0,0,0,0,0,0,0,0,0,0,1,0,0,0,0,1,0,0,0,0,0,1,0,1,0,0,0,5,2,0,2,0
GH5_1,2,0,1,2,2,1,0,1,1,0,0,1,0,0,0,0,0,0,0,0,0,0,2,0,0,0,1,0,0,0,0,0,2,1,0,2,0
GH5_10,0,1,0,0,0,0,0,1,0,0,0,0,0,0,0,0,0,0,0,1,0,1,0,0,0,0,0,1,3,0,4,0,1,1,0,4,0
GH5_12,0,0,0,0,0,0,0,0,0,0,0,0,0,0,0,0,0,0,0,0,0,0,2,0,0,0,0,0,0,0,0,0,0,0,0,2,0
GH5_13,7,5,2,1,2,0,0,9,1,2,0,3,0,0,1,7,7,14,5,4,5,6,24,0,0,0,3,7,7,2,47,6,38,21,1,29,9
GH5_17,0,0,0,0,0,0,0,0,0,0,0,0,0,0,0,0,0,0,0,0,1,0,0,0,1,0,0,0,0,0,0,0,0,0,0,0,0
GH5_19,0,1,0,0,0,0,0,1,1,1,0,0,0,0,0,0,0,0,0,0,1,0,1,0,0,0,1,0,0,0,0,0,0,0,0,0,0
GH5_2,1,2,0,2,0,0,0,3,0,0,0,0,0,0,0,5,2,4,0,7,1,0,12,0,3,0,1,5,5,1,8,0,7,4,0,3,1
GH5_21,0,0,0,0,0,0,0,0,0,0,0,0,0,0,0,0,0,0,0,1,0,0,0,0,0,0,0,0,0,0,0,0,0,0,0,0,0
GH5_22,0,0,1,0,0,0,0,0,0,0,0,0,0,0,0,3,3,1,0,2,4,2,0,0,1,0,0,0,7,0,2,0,1,0,0,3,3
GH5_24,0,0,0,0,1,0,0,0,0,0,0,0,0,0,0,0,0,0,0,0,0,0,0,0,0,0,0,0,0,0,0,0,0,0,0,0,0
GH5_25,2,2,0,1,2,1,0,0,0,2,0,0,0,0,0,5,4,5,1,3,11,10,18,0,0,0,1,1,19,0,10,1,12,8,0,10,2
GH5_26,0,0,0,0,0,0,0,1,0,0,2,1,0,0,0,5,4,3,0,1,3,2,2,0,0,0,0,1,9,1,4,0,4,2,0,8,0
GH5_27,0,0,0,0,0,0,0,0,0,0,0,0,0,0,0,0,0,0,0,1,0,0,0,0,0,0,0,0,0,0,1,0,0,0,0,1,0
GH5_28,3,2,0,0,0,0,0,0,0,0,1,0,0,0,0,7,6,2,5,5,11,4,11,0,2,0,0,0,10,0,8,0,1,3,0,5,2
GH5_29,1,1,0,0,0,1,0,0,0,0,0,0,0,0,0,0,2,1,3,1,0,1,1,0,0,0,0,0,2,0,0,0,0,0,0,0,0
GH5_31,0,0,0,0,0,0,0,0,0,0,0,0,0,0,0,0,0,0,0,0,0,1,0,0,0,0,0,0,0,0,0,0,0,0,0,0,0
GH5_34,3,0,1,0,0,0,0,0,0,0,0,0,0,0,0,0,0,1,1,0,0,0,3,0,0,0,2,1,1,0,0,0,1,0,0,1,1
GH5_36,2,1,1,0,1,1,0,7,0,3,0,1,0,1,0,7,4,3,3,1,5,2,4,0,0,0,7,6,10,1,7,4,9,7,0,18,5
GH5_37,0,0,0,0,0,0,0,0,0,0,0,0,0,0,0,0,0,0,0,0,0,0,0,0,0,0,0,0,0,1,0,0,0,0,0,0,0
GH5_38,1,1,0,0,2,1,0,0,0,0,1,0,0,0,0,3,2,2,1,0,2,0,7,0,0,0,0,1,13,0,4,0,1,0,0,4,2
GH5_39,0,0,0,0,0,1,0,2,0,1,0,0,0,0,0,0,0,0,0,0,7,5,6,0,0,0,1,3,3,0,1,3,6,4,0,3,0
GH5_4,0,0,0,0,0,0,0,0,0,0,0,0,0,0,0,1,2,6,0,4,1,0,1,0,2,0,0,0,1,0,0,0,2,0,0,1,0
GH5_40,0,0,0,0,0,0,0,0,0,0,0,0,0,0,0,0,0,0,0,1,1,1,2,0,0,0,1,0,0,0,1,0,1,1,0,2,0
GH5_41,0,0,0,0,0,0,0,0,0,0,0,0,0,0,0,0,0,0,1,1,3,3,3,0,0,0,0,0,2,0,0,0,0,0,0,8,0
GH5_42,0,0,0,0,0,0,0,0,0,0,0,0,0,1,0,0,0,0,1,0,1,2,0,0,0,1,0,0,1,0,0,0,0,0,0,0,0
GH5_43,0,3,0,0,1,0,0,0,0,0,0,0,0,0,0,0,0,0,0,0,0,0,0,0,0,0,0,0,1,0,0,0,0,0,0,0,0
GH5_45,0,0,0,0,0,0,0,0,0,0,0,0,0,0,0,0,0,0,0,0,0,0,0,0,2,0,0,0,0,0,0,0,0,0,0,0,0
GH5_46,4,0,0,0,0,0,0,0,0,0,0,0,0,1,1,7,4,6,2,1,12,9,20,0,1,0,2,5,18,0,3,1,2,0,0,1,0
GH5_47,1,0,0,0,0,0,0,0,0,0,0,0,0,0,0,0,0,4,2,0,1,2,1,0,0,0,0,1,0,0,0,0,2,0,0,1,0
GH5_48,0,0,1,0,0,0,0,1,0,1,1,1,0,1,0,0,0,0,1,0,10,9,8,0,0,0,1,1,4,0,4,3,7,4,0,3,1
GH5_5,0,1,0,0,1,0,1,0,0,0,0,0,1,0,0,0,0,0,0,2,0,0,2,0,0,1,0,0,0,0,3,0,2,1,0,2,0
GH5_54,1,0,0,0,0,0,0,0,0,0,1,0,1,1,0,0,0,0,0,1,4,3,1,0,0,0,0,0,0,0,1,0,0,0,0,3,0
GH5_55,0,0,0,0,0,0,0,0,0,1,0,1,0,0,1,2,0,0,0,0,0,0,0,0,0,0,0,0,0,0,0,0,0,0,0,0,0
GH5_56,0,0,0,0,0,0,0,0,0,0,0,0,0,0,0,0,0,0,0,0,0,0,0,0,0,0,0,1,0,0,0,0,0,1,0,0,0
GH5_7,1,0,1,0,0,0,0,2,0,1,1,0,2,1,1,1,0,0,4,4,4,5,2,0,2,1,0,0,0,0,5,7,15,5,0,10,4
GH5_8,0,0,0,0,0,0,0,0,0,0,0,0,0,0,0,0,0,0,0,1,0,0,0,0,0,0,0,0,1,1,0,0,0,0,0,0,0
GH6,0,0,0,0,0,0,0,0,0,0,0,0,0,0,0,0,1,1,0,2,0,0,0,0,0,0,0,0,1,0,1,0,0,0,0,0,0
GH62,1,2,2,0,0,0,1,10,0,1,2,1,0,0,0,1,1,1,1,0,0,0,4,1,0,1,4,8,6,0,9,8,22,10,0,22,6
GH63,0,2,0,1,1,0,0,1,0,0,0,0,0,0,0,2,0,3,4,1,7,8,6,0,2,0,0,0,1,0,2,1,6,3,0,9,0
GH64,0,0,0,0,0,0,0,0,0,0,0,0,0,0,0,1,0,0,0,0,1,1,3,0,0,0,1,0,0,0,10,2,6,3,0,0,0
GH65,4,2,2,0,0,1,0,0,0,1,0,0,0,0,0,5,1,4,1,0,0,0,1,0,0,0,0,0,0,0,1,0,3,0,0,1,0
GH66,0,0,0,0,0,0,0,0,0,0,0,0,0,0,0,0,0,0,0,0,0,1,2,0,1,0,0,0,0,0,2,0,2,0,0,0,0
GH67,0,1,0,0,0,0,0,1,0,0,0,1,0,0,0,0,0,0,0,2,0,0,1,0,0,0,0,0,2,1,7,2,8,1,0,4,0
GH71,0,0,0,0,0,0,0,0,0,0,0,0,0,0,0,0,0,0,0,1,0,0,0,0,0,0,0,0,0,0,0,0,1,0,0,0,0
GH73,94,98,39,12,18,44,11,2,0,1,1,0,2,1,2,60,43,51,21,47,26,19,126,2,24,9,4,3,68,17,9,2,20,9,1,71,21
GH74,17,17,12,2,5,3,7,11,1,5,0,5,0,0,0,15,14,29,3,4,15,11,31,2,1,8,8,5,31,3,7,7,25,14,8,24,6
GH75,0,0,0,0,0,0,0,0,0,0,0,0,0,0,0,0,0,0,0,0,0,0,0,0,0,0,0,0,0,0,0,0,0,0,0,1,0
GH76,1,1,0,0,1,1,0,0,0,0,0,0,0,0,0,7,5,6,0,1,0,0,1,0,0,0,0,3,1,0,1,0,1,0,0,0,0
GH77,3,6,3,0,3,2,2,0,1,0,0,1,0,0,0,1,4,1,5,7,4,1,1,1,0,1,2,1,5,0,3,0,1,2,1,10,1
GH78,4,5,1,0,0,1,1,4,0,0,1,0,0,0,0,47,22,18,3,9,35,19,68,0,2,0,4,2,37,2,82,9,72,28,0,62,9
GH79,0,0,0,0,0,0,0,0,0,0,0,0,0,0,0,0,0,0,0,0,1,0,0,0,0,0,0,0,0,0,2,0,0,1,0,1,0
GH8,5,4,0,0,2,0,2,0,1,0,0,2,0,0,0,1,1,1,0,7,18,12,23,0,2,1,5,2,4,1,9,3,11,6,1,6,0
GH81,1,0,0,1,0,0,0,0,0,0,0,0,0,0,0,0,0,1,0,3,0,0,2,0,1,0,1,0,3,3,2,0,1,1,0,1,0
GH82,0,0,0,0,0,0,0,0,0,0,0,0,0,0,0,0,0,0,0,0,0,0,0,0,0,0,0,0,0,0,1,0,0,0,0,1,0
GH84,0,4,4,1,1,0,0,2,0,0,0,1,0,0,0,0,2,0,2,4,3,3,10,0,0,0,2,0,2,1,1,1,2,1,1,4,0
GH85,0,0,0,0,0,0,0,0,0,0,0,0,0,0,0,1,3,1,2,4,0,1,2,0,0,0,0,0,2,0,0,0,0,0,0,2,1
GH86,0,0,0,0,0,0,0,0,0,0,0,0,0,0,0,12,1,3,0,0,0,0,0,0,0,0,0,0,3,0,2,0,2,0,0,0,0
GH87,0,0,0,0,0,0,0,0,0,0,0,0,0,0,0,0,0,0,0,0,1,2,1,0,0,0,0,0,0,0,0,0,0,0,0,0,0
GH88,4,0,5,0,0,2,0,1,0,0,0,1,0,1,1,20,7,8,1,14,5,3,8,0,0,1,1,3,19,1,21,2,17,11,0,10,1
GH89,0,0,0,0,0,0,0,0,0,0,0,0,0,0,0,3,1,2,0,2,5,4,6,0,1,0,0,1,1,0,4,2,9,3,0,9,1
GH9,4,2,1,1,0,0,1,6,2,0,0,1,0,0,0,35,19,21,4,14,10,10,27,0,5,1,2,1,35,4,23,0,33,7,1,18,3
GH92,10,4,2,1,0,2,0,2,0,0,0,0,0,0,0,81,35,30,8,18,46,21,92,0,10,0,1,4,26,0,59,5,27,14,0,31,7
GH93,2,0,1,0,0,0,0,0,0,2,0,0,0,0,0,1,0,0,0,0,2,3,14,0,0,0,1,3,0,0,6,0,4,0,0,6,1
GH94,1,1,1,0,0,0,0,1,0,0,0,0,0,0,0,1,2,1,1,0,0,0,0,0,0,0,0,0,4,0,2,0,0,0,0,0,1
GH95,7,9,4,0,3,3,0,11,0,4,0,0,0,0,0,56,33,32,13,13,18,11,25,0,3,0,9,13,54,3,140,15,111,60,0,96,15
GH96,0,0,0,0,0,0,0,1,0,0,0,0,0,0,0,0,0,0,1,0,2,1,1,0,0,0,0,3,1,0,3,1,2,3,0,3,0
GH97,14,4,1,3,2,1,0,8,0,6,1,1,1,1,2,43,23,30,7,11,30,20,57,0,5,0,6,5,57,5,22,9,33,17,0,44,9
GH98,0,0,0,0,0,0,0,0,0,0,0,0,0,0,0,0,0,0,0,1,0,0,0,0,0,0,0,0,0,0,0,0,1,0,0,0,0
GH99,0,1,6,2,0,1,0,12,0,2,7,0,2,3,1,7,8,3,17,2,43,37,33,0,0,2,5,7,17,1,27,7,52,24,1,38,13
GT1,0,3,4,0,3,1,1,4,0,1,1,0,0,1,0,2,1,0,3,1,4,3,7,0,2,1,1,0,1,4,1,0,4,2,0,9,2
GT10,0,1,0,0,0,0,0,0,0,0,0,0,0,0,0,0,0,0,0,0,0,0,0,0,0,0,0,0,0,0,10,3,19,2,0,2,0
GT102,0,0,0,0,0,0,0,0,0,0,0,0,0,0,0,0,0,0,0,0,0,0,0,0,0,0,0,0,0,0,0,0,0,0,0,1,0
GT104,0,0,0,0,0,0,0,0,0,0,0,0,0,0,0,0,0,0,0,0,0,0,0,0,0,0,0,0,0,0,1,0,0,0,0,0,0
GT107,0,0,0,0,0,0,0,0,0,0,0,0,0,0,0,0,0,0,0,2,0,0,0,0,0,0,0,0,1,0,0,0,0,0,0,0,0
GT11,3,0,2,0,0,2,0,0,0,0,0,0,0,0,0,0,0,1,0,2,0,0,1,0,0,0,0,0,0,0,10,1,5,0,0,8,0
GT14,0,0,0,0,1,1,0,0,0,0,0,0,0,0,0,4,1,5,0,1,0,0,0,0,0,0,0,0,0,1,0,0,1,0,0,0,0
GT17,0,0,0,0,0,0,0,0,0,0,0,0,0,0,0,0,0,0,0,0,0,0,0,0,0,0,1,0,0,0,11,10,13,4,0,1,0
GT19,3,4,4,2,0,1,1,2,0,0,0,1,0,0,0,0,0,0,0,0,0,1,4,0,0,1,1,0,0,2,1,0,3,1,1,3,0
GT20,0,1,3,1,1,0,1,0,1,0,0,0,0,0,0,0,1,0,0,2,1,0,0,0,0,0,0,0,1,0,1,0,0,2,0,0,0
GT21,2,1,6,3,1,1,5,1,0,0,1,0,1,0,0,1,0,0,1,1,8,5,3,3,1,4,5,3,5,0,16,4,13,9,1,15,4
GT22,2,1,1,1,0,0,0,0,0,0,0,0,0,0,0,0,0,2,1,0,0,1,5,0,0,1,1,1,2,0,0,0,1,0,0,2,0
GT23,1,0,0,0,0,0,0,0,0,0,0,0,0,0,0,0,0,0,0,0,0,0,0,0,0,0,0,0,0,0,16,0,12,8,0,0,0
GT25,0,1,0,0,0,1,0,0,0,0,0,0,0,0,0,1,2,2,0,1,0,0,0,0,0,0,0,0,0,0,7,0,21,3,0,12,1
GT26,3,7,4,2,2,4,1,3,0,1,1,1,0,0,1,1,2,2,1,4,2,4,3,1,0,2,1,1,4,2,7,0,14,1,0,4,4
GT27,0,1,0,0,0,0,0,0,0,0,0,0,0,0,0,0,0,0,0,0,0,0,0,0,0,0,0,0,0,0,1,1,0,0,0,0,0
GT28,59,64,42,22,18,24,25,21,4,7,3,10,6,11,7,9,18,23,22,37,31,25,40,8,11,14,17,4,35,12,33,12,53,30,6,52,19
GT29,0,0,0,0,0,0,0,0,0,0,0,0,0,0,0,0,0,0,0,0,0,0,0,0,0,0,0,0,0,0,1,0,0,0,0,4,1
GT2_Glyco_tranf_2_3,10,17,9,1,3,4,4,3,0,0,0,0,2,1,1,5,6,5,11,15,11,7,5,2,0,6,4,2,18,6,9,5,13,5,4,6,1
GT2_Glyco_tranf_2_4,0,1,0,0,0,0,0,0,0,0,0,0,0,0,0,0,0,1,1,0,0,0,0,0,0,0,0,0,0,0,0,0,0,0,0,0,0
GT2_Glyco_tranf_2_5,0,0,0,0,0,0,0,0,0,0,0,0,0,0,0,0,0,0,0,0,0,0,0,0,0,0,0,0,0,0,0,0,0,0,0,3,0
GT2_Glyco_trans_2_3,3,2,2,2,1,0,0,0,0,0,0,1,2,0,0,2,0,0,1,3,5,4,4,0,1,1,0,2,3,0,2,0,3,0,0,3,1
GT2_Glycos_transf_2,119,158,131,45,43,48,34,42,22,29,24,22,19,17,17,46,33,48,36,58,80,67,95,21,18,55,38,31,103,21,244,46,313,181,23,125,33
GT3,0,0,0,0,0,0,0,0,0,0,0,0,0,0,0,0,0,0,0,0,0,1,0,0,0,0,0,0,0,0,0,0,0,0,0,0,0
GT30,58,70,46,16,19,20,23,17,9,4,7,5,4,3,4,7,15,16,17,20,18,13,23,4,3,8,11,9,26,15,12,6,31,20,10,29,12
GT31,1,0,0,0,0,0,0,0,0,0,0,0,0,0,0,0,0,0,0,0,0,0,0,0,0,0,0,0,0,0,0,0,0,1,0,0,0
GT32,1,1,0,0,0,3,0,0,0,0,0,0,0,0,0,0,0,0,0,1,0,0,0,0,0,1,1,0,0,0,37,0,51,41,0,14,0
GT35,1,0,0,1,1,0,0,2,0,0,0,0,0,0,0,0,0,0,0,0,2,3,0,0,0,0,0,0,0,1,1,2,1,0,0,1,0
GT39,4,11,19,2,9,8,2,3,0,3,4,2,1,3,7,0,2,0,2,3,44,32,17,0,1,5,2,8,6,0,14,8,36,14,0,20,6
GT4,107,140,138,35,40,52,55,55,23,41,34,40,33,33,31,26,36,41,36,51,135,105,115,19,27,49,46,39,108,21,202,68,265,138,19,167,53
GT41,0,1,1,0,1,0,1,0,0,0,0,0,0,0,0,0,0,0,0,0,0,0,0,0,0,0,0,0,0,0,1,0,0,0,0,0,1
GT47,0,0,0,0,0,0,0,0,0,0,0,0,0,0,0,0,0,0,0,0,0,0,0,0,0,0,0,0,0,0,8,0,5,3,0,0,0
GT5,4,1,3,0,3,2,1,1,0,0,0,0,0,0,0,0,3,4,3,4,6,12,13,0,0,0,1,0,1,1,11,2,6,2,2,12,2
GT51,159,172,147,40,53,77,77,38,10,25,16,25,11,16,16,66,56,91,52,138,72,67,128,12,34,61,54,36,164,34,91,25,122,54,15,133,50
GT53,0,0,0,0,0,0,0,0,0,0,0,0,0,0,0,0,0,0,0,0,0,0,0,0,0,0,0,0,0,0,0,0,0,0,0,1,0
GT55,0,0,0,0,0,0,0,0,0,0,0,0,0,0,0,0,0,0,0,0,2,1,0,0,0,0,0,0,0,0,0,0,0,0,0,0,0
GT59,0,1,0,0,0,0,0,0,0,0,0,0,0,0,0,0,0,0,0,0,0,0,0,0,0,0,0,0,1,0,4,0,1,0,0,1,0
GT6,0,0,0,0,0,0,0,0,0,0,0,0,0,0,0,0,0,0,0,0,0,0,0,0,0,0,0,0,0,0,12,2,23,16,0,0,0
GT60,1,2,2,0,1,1,0,0,0,1,0,0,0,0,0,0,1,0,0,0,0,0,0,0,0,0,0,0,0,0,2,0,0,1,0,10,1
GT66,28,34,26,14,4,10,6,3,0,1,0,0,3,4,5,1,1,1,1,3,30,38,11,1,8,8,3,5,2,0,12,13,12,8,7,22,5
GT7,0,0,0,0,0,0,0,0,0,0,0,0,0,0,0,0,0,0,0,0,0,0,0,0,0,0,0,0,0,0,0,0,0,0,0,1,0
GT71,0,0,0,0,0,1,0,0,0,0,0,0,0,0,0,0,0,0,0,0,0,0,0,0,0,0,0,0,0,0,0,0,1,0,0,0,0
GT73,0,0,1,0,0,0,0,0,0,0,0,0,0,0,0,0,0,0,0,0,0,0,0,0,0,0,0,0,0,0,0,0,0,0,0,0,0
GT74,0,1,0,0,0,1,0,0,0,0,0,0,0,0,0,0,0,0,0,0,0,0,0,0,0,0,0,0,0,0,27,3,37,21,0,0,0
GT75,2,0,0,0,0,0,0,0,0,1,0,0,0,0,0,0,0,0,0,0,1,1,0,0,0,0,0,0,0,0,0,0,2,2,0,0,0
GT76,1,3,1,0,0,0,2,0,0,0,1,0,1,1,0,0,1,1,2,2,6,5,1,0,0,2,0,1,1,0,5,0,5,4,0,3,0
GT77,0,0,1,0,0,0,0,0,0,0,0,0,0,0,0,0,0,0,1,0,0,0,0,0,0,0,0,0,0,0,1,0,0,0,0,0,0
GT8,1,0,0,1,0,0,0,0,0,0,0,0,0,0,0,0,0,0,0,2,0,0,0,0,0,0,0,0,0,1,1,0,1,1,0,2,0
GT81,0,1,1,2,1,1,2,1,1,0,0,0,0,0,0,0,0,1,0,2,3,1,1,1,1,1,0,1,2,0,0,2,0,2,0,1,3
GT83,46,62,65,4,12,17,43,32,6,15,22,8,24,22,32,38,36,31,72,29,267,233,229,3,18,21,37,22,92,13,127,58,256,101,18,198,45
GT84,1,0,4,0,0,1,1,0,0,1,0,0,0,0,0,0,1,1,0,2,0,0,0,0,0,0,1,0,4,1,0,0,1,0,0,2,0
GT87,3,3,3,0,2,1,0,0,0,0,0,2,1,3,2,1,6,1,9,1,5,8,6,0,1,1,3,3,6,1,3,3,14,2,0,12,3
GT89,11,22,16,1,2,2,9,6,0,0,2,2,1,0,0,4,5,1,11,0,20,13,15,0,2,5,1,1,12,0,7,5,16,5,3,30,3
GT9,12,34,20,9,3,8,20,9,6,3,2,10,3,3,4,5,12,4,7,4,22,14,29,3,0,10,13,8,13,3,20,15,29,22,5,36,10
GT90,0,0,0,0,0,0,0,0,0,0,0,0,0,0,0,0,0,0,0,0,0,0,0,0,0,0,0,0,0,0,3,2,7,0,0,3,0
GT92,0,0,0,0,0,0,0,0,0,0,0,0,0,0,0,0,0,0,0,0,0,0,0,0,0,0,0,1,0,0,14,4,10,2,0,1,0
GT94,0,0,2,0,0,0,0,0,0,0,0,0,0,0,1,0,0,0,0,1,0,1,0,0,0,0,0,0,1,0,0,0,2,1,0,0,0
GT96,0,0,0,0,0,0,0,0,0,0,0,0,0,0,0,0,0,0,0,0,0,0,0,0,0,0,0,0,0,0,0,0,0,1,0,0,0
PL1,1,0,0,0,0,0,0,3,0,0,0,1,0,0,0,0,0,0,2,4,0,0,0,0,0,1,1,2,3,0,1,2,4,5,0,10,2
PL10,0,0,0,0,0,0,0,1,0,1,0,0,0,0,0,0,0,0,1,0,2,0,0,0,0,0,0,1,3,0,4,3,5,5,1,5,0
PL10_1,0,0,0,0,0,0,1,5,0,1,0,0,0,0,0,1,1,1,3,1,0,1,3,0,0,0,1,3,4,0,10,6,16,5,0,16,5
PL10_2,0,0,0,0,0,0,0,0,0,0,0,0,0,0,0,0,0,0,0,0,0,0,0,0,0,0,0,1,5,0,7,2,17,4,0,8,1
PL10_3,1,2,3,0,0,1,0,2,0,0,0,0,0,0,0,2,1,2,1,2,3,2,6,0,0,0,4,4,4,0,12,2,9,5,0,9,1
PL11,0,0,0,0,0,0,0,8,0,1,0,0,0,0,0,1,1,0,0,0,5,3,4,0,0,0,1,3,8,0,25,9,25,15,0,19,1
PL11_1,0,2,1,0,0,0,0,1,0,0,0,0,0,0,0,0,1,0,1,2,1,0,1,0,0,0,0,3,3,1,9,3,13,6,0,10,1
PL11_2,0,0,0,0,0,0,0,1,0,0,0,0,0,0,0,0,0,0,0,0,0,0,0,0,0,0,0,0,0,0,0,1,1,5,0,3,2
PL12,2,0,3,1,0,0,0,2,0,2,0,0,0,1,0,5,4,4,0,3,3,1,2,0,0,0,0,1,5,0,6,2,11,6,0,6,2
PL12_2,0,0,0,0,0,0,0,0,0,0,0,0,0,0,0,1,0,1,0,0,0,0,0,0,0,0,0,0,0,0,1,0,2,0,0,1,1
PL12_3,3,4,6,0,2,1,0,1,0,1,2,1,0,0,1,0,1,0,1,0,0,1,0,0,0,0,0,0,2,0,2,1,4,3,0,5,2
PL14,1,2,9,2,0,1,1,5,0,4,1,0,1,1,1,5,6,9,6,7,2,1,1,0,0,3,3,2,12,2,19,5,15,6,0,11,0
PL14_3,1,3,1,0,1,1,1,3,0,2,0,0,0,0,0,6,3,7,0,3,2,1,5,0,0,1,0,0,8,0,5,1,2,4,0,6,0
PL15,1,2,1,0,0,0,0,2,0,0,1,1,1,1,0,1,0,0,6,0,3,3,1,0,1,0,3,3,4,0,14,5,13,7,0,11,3
PL17,0,0,0,0,0,0,0,0,0,0,0,0,0,0,0,1,4,3,1,7,3,1,3,0,0,0,0,1,7,1,4,0,3,2,0,2,0
PL17_2,0,1,0,0,0,0,0,0,0,0,0,0,0,0,0,2,4,9,1,10,1,1,0,0,0,0,0,0,11,1,1,0,1,1,0,0,0
PL1_2,10,8,10,2,2,4,0,33,3,12,3,5,1,2,3,19,5,15,7,14,16,13,18,0,6,6,10,29,63,11,74,19,96,51,0,89,21
PL1_4,0,0,0,0,0,0,0,0,0,0,0,0,0,0,0,0,0,0,0,0,0,0,0,0,0,0,0,0,0,0,1,0,0,0,0,0,0
PL2,0,0,0,0,0,0,0,8,0,1,0,0,0,1,0,0,0,0,0,0,0,0,0,0,0,0,1,6,0,0,11,5,19,7,0,18,5
PL20,0,0,0,0,0,0,0,1,0,0,0,0,0,0,0,0,0,0,0,0,1,0,0,0,0,0,1,0,0,0,1,0,0,0,0,1,0
PL21,0,0,0,0,0,0,0,0,1,0,0,0,0,0,0,0,0,0,0,0,0,1,0,0,0,0,0,0,0,0,0,0,1,2,0,0,1
PL21_1,0,0,0,0,0,0,0,0,0,0,0,0,0,0,0,0,0,0,0,0,1,0,1,0,0,0,0,0,1,0,5,0,0,1,0,0,0
PL22,2,2,2,2,1,3,0,2,0,0,0,0,0,1,1,1,0,1,2,0,0,0,1,0,1,0,0,0,4,0,1,2,4,2,3,4,2
PL22_2,0,0,0,0,0,0,0,0,0,0,0,0,0,0,0,1,0,1,0,0,0,0,0,0,0,0,0,0,0,0,1,0,3,1,0,0,1
PL24,0,0,0,0,0,0,0,0,0,0,0,0,0,0,0,0,0,0,0,0,0,0,0,0,0,0,0,0,1,0,0,0,0,0,0,2,0
PL25,3,0,1,0,0,0,0,3,0,0,0,0,0,0,0,1,1,0,0,0,2,0,0,0,0,0,0,1,3,2,11,2,9,7,0,13,1
PL26,1,1,0,0,0,0,0,0,0,0,0,0,0,0,0,0,0,0,0,1,1,0,0,0,0,0,0,0,1,0,1,0,3,0,0,1,1
PL27,0,0,0,0,0,0,0,0,0,0,0,0,0,0,0,0,0,0,0,0,0,1,0,0,0,0,0,0,0,0,0,0,1,0,0,0,0
PL29,2,1,2,0,0,0,0,2,0,0,0,1,0,0,0,10,3,12,5,3,7,3,7,0,0,0,0,3,10,5,12,2,14,7,0,8,3
PL3,0,0,0,0,0,0,0,0,0,0,0,0,0,0,0,0,0,1,0,0,0,0,0,0,0,0,0,0,0,0,0,0,0,0,0,0,0
PL31,6,14,7,3,4,5,1,5,0,2,0,0,1,0,1,3,4,6,2,11,1,2,3,1,1,1,4,4,12,1,8,2,13,7,1,13,4
PL33,0,0,0,0,0,0,0,0,0,0,1,0,0,0,0,0,0,0,0,0,1,0,0,0,0,0,0,0,1,0,1,0,3,0,0,1,0
PL33_1,1,0,0,0,0,0,0,0,0,0,0,0,2,0,0,3,0,2,1,0,2,1,3,0,0,0,0,0,3,0,6,3,5,2,1,10,2
PL33_2,1,0,0,0,0,0,0,1,0,0,2,0,0,0,0,5,3,2,1,0,0,0,0,0,0,0,0,2,2,0,10,4,12,3,0,4,0
PL34,0,0,0,0,0,0,0,0,0,0,0,1,0,0,0,0,2,0,1,1,1,0,0,0,0,0,0,0,0,0,4,1,4,2,0,0,0
PL35,0,1,2,0,0,1,0,4,1,0,0,0,0,0,0,3,6,1,2,1,4,2,2,0,0,0,0,1,17,0,22,4,23,6,0,10,2
PL37,0,0,0,0,0,0,0,0,0,0,0,0,0,0,0,2,0,2,1,3,1,0,1,0,0,0,0,0,3,1,4,0,1,3,0,3,0
PL38,1,0,1,0,0,0,0,2,0,0,0,1,0,1,0,11,6,13,3,3,3,4,8,0,0,0,2,3,34,8,10,2,11,10,0,10,5
PL39,0,0,0,0,0,0,0,0,0,0,0,0,0,0,0,0,0,1,1,0,5,11,9,0,0,0,0,2,0,0,17,3,17,16,0,4,1
PL4,0,0,0,0,0,0,0,1,0,0,0,0,0,0,0,0,0,0,0,0,0,0,1,0,0,0,1,0,0,0,2,0,3,0,0,1,0
PL40,1,0,0,0,0,0,0,0,0,0,0,0,0,0,0,1,0,1,0,0,3,1,1,0,0,0,0,0,3,1,3,0,4,0,0,3,2
PL5,0,1,2,1,1,2,1,0,0,0,0,0,0,0,0,0,0,0,0,2,0,0,0,1,0,1,0,0,1,0,1,0,0,1,0,0,0
PL5_1,0,1,0,0,0,0,0,0,0,0,0,0,0,0,0,0,0,0,0,0,0,0,0,0,0,0,0,0,0,0,0,0,0,0,0,0,0
PL6,6,5,1,0,1,1,1,0,0,0,0,0,0,0,2,14,13,28,5,14,4,3,5,0,0,0,3,4,26,2,7,1,6,4,0,2,0
PL6_1,0,0,0,0,0,0,0,0,0,0,0,0,0,0,0,6,3,6,0,7,1,1,1,0,0,0,0,0,7,0,0,0,1,0,0,3,0
PL6_2,0,1,0,0,0,0,0,0,0,0,1,0,0,0,0,4,0,2,1,0,0,0,1,0,0,0,1,0,0,0,2,1,1,2,0,1,0
PL6_3,0,0,0,0,0,0,0,0,0,0,0,0,0,0,0,0,0,0,0,0,0,0,0,0,0,0,0,0,3,0,0,0,0,0,0,0,0
PL7,0,0,0,0,0,0,0,0,0,0,0,0,0,0,0,11,4,26,1,1,0,1,0,0,0,0,0,0,9,0,1,0,0,0,0,0,0
PL7_3,0,0,0,0,0,0,0,0,0,0,0,0,0,0,0,0,1,0,0,1,0,0,0,0,0,0,1,0,0,0,0,0,1,0,0,3,2
PL7_4,0,0,0,0,0,0,0,0,0,0,0,0,0,0,0,0,0,0,0,0,0,0,0,0,0,0,0,0,0,0,1,0,0,0,0,0,0
PL7_5,1,0,0,0,0,0,0,0,0,0,0,0,0,0,0,12,7,15,1,6,0,0,0,0,0,0,0,0,19,2,0,0,0,0,0,0,0
PL8,0,0,0,0,0,0,0,0,0,0,0,0,0,0,0,0,0,0,0,0,3,1,0,0,1,0,0,0,0,0,0,0,1,0,0,1,0
PL8_2,0,1,0,0,0,0,0,1,0,0,0,0,0,0,0,1,1,0,2,3,0,0,0,0,0,0,0,0,0,0,0,0,0,0,0,2,0
PL8_3,0,0,1,0,0,0,0,1,0,0,0,0,0,0,0,4,3,0,0,0,0,0,2,0,0,0,0,1,9,1,5,1,7,3,0,3,0
PL9,5,8,13,1,3,0,1,17,0,8,17,3,19,10,9,10,11,9,15,7,84,88,50,0,20,1,14,11,24,0,104,28,141,69,4,83,21
PL9_1,1,0,2,0,0,0,0,0,0,0,0,0,0,0,0,1,0,1,0,2,1,1,0,0,1,0,0,0,0,0,4,0,3,1,0,1,2
PL9_2,3,7,1,0,1,2,0,9,2,2,6,2,6,11,8,7,1,10,4,6,29,32,64,0,12,2,9,3,12,0,26,11,42,16,0,40,12
PL9_3,0,0,0,0,0,0,0,0,0,0,0,0,0,0,0,0,0,0,0,0,0,0,0,0,1,0,0,0,0,0,1,0,0,0,0,0,0
PL9_4,0,0,0,0,0,0,0,1,0,0,0,0,1,2,1,3,6,3,13,1,9,5,10,0,1,0,0,2,7,0,2,2,9,2,0,5,2
SLH,2,0,0,0,0,0,0,0,0,0,0,0,0,0,0,0,1,1,0,7,11,4,7,0,10,0,0,1,1,2,0,1,1,1,0,0,6
cohesin,0,0,0,0,0,0,0,0,0,0,9,0,9,9,11,0,0,1,0,0,26,24,8,0,18,0,1,0,0,1,0,0,4,0,0,14,5