TAX_ID,ART45,ART46,ART47,ART48,ART49,ART50,CIGOMA4,CIGOMD18,DELGOM54,DELGOM55,DELGOM56,DELGOM57,DELGOM58,DELGOM59,DELGOM60,DSANT06,DSANT08,DSANT09,DSANT11,DSANT95,GBGOC44,GBGOC45,GBGOC47,GYRPAC92,HRSPAC47,KJGOM4,KJGOM5,KJGOM6,KOR52,KOR58,LOKART30,LOKART60,LOKART62,LOKART95,MARPAC23,SMMPAC33,SMMPAC46
TAX_ID_1004930,0.002043,0.000818,0.000193,0.000241,0.003048,0.0087,0.000093,0,0,0,0,0,0,0,0,0.023314,0.000773,0.004446,0.00043,0.000198,0.000499,0.002414,0.00022,0,0,0,0,0,0.000094,0.001225,0.00044,0.000721,0,0,0,0.000345,0.00113
TAX_ID_10191,0,0,0,0,0.000254,0,0,0.000513,0,0,0,0,0,0,0,0,0,0.000278,0,0,0,0,0,0,0,0,0,0,0.000094,0.000111,0,0,0.000249,0,0,0,0
TAX_ID_10206,0.000102,0.000245,0,0,0,0,0.000093,0,0,0,0,0,0,0,0,0.000432,0.000258,0,0,0,0,0,0,0,0,0,0,0,0,0,0,0,0,0,0,0,0
TAX_ID_10220,0,0.000164,0.000097,0,0.000254,0.000207,0.000093,0.000256,0,0,0,0.000871,0.00236,0,0,0,0,0.000278,0,0,0,0,0.00033,0,0,0,0.000282,0,0.000188,0.000223,0,0,0,0,0,0.000172,0.000188
TAX_ID_10233,0,0,0,0,0,0.000207,0,0,0,0,0,0,0,0,0,0,0.000258,0,0,0,0,0,0,0,0,0,0.000282,0,0,0,0,0,0,0,0,0.000345,0
TAX_ID_1035538,0,0,0.000193,0.000241,0.000254,0.000414,0.000093,0,0,0,0,0,0,0,0,0,0,0,0,0.000099,0.000666,0,0.00033,0,0,0,0,0,0.000188,0.000111,0.00022,0.002164,0,0,0.000958,0.000172,0
TAX_ID_1042312,0,0,0,0,0,0,0,0,0,0,0,0,0,0,0,0,0,0,0,0,0,0,0,0,0,0,0,0,0,0,0,0,0,0,0,0,0
TAX_ID_1051663,0,0,0,0,0,0,0,0,0,0,0,0,0,0,0,0,0,0,0,0,0,0,0,0,0,0,0,0,0,0,0,0,0,0,0,0,0
TAX_ID_1055546,0,0,0,0,0,0,0,0,0,0,0,0,0,0,0,0,0,0,0,0,0,0,0,0,0,0,0,0,0,0,0,0,0,0,0,0,0
TAX_ID_1075807,0,0,0,0,0,0,0,0,0,0,0,0,0,0,0,0,0,0,0,0,0,0,0,0,0,0,0,0,0,0,0,0,0,0,0,0,0
TAX_ID_1077257,0,0,0,0,0,0,0,0,0,0,0,0,0,0,0,0,0,0,0,0,0,0,0,0,0,0,0,0,0,0,0,0,0,0,0,0,0
TAX_ID_113507,0,0,0,0,0,0,0,0,0,0,0,0,0,0,0,0,0,0,0,0,0,0,0,0,0,0,0,0,0,0,0,0,0,0,0,0,0
TAX_ID_113508,0,0,0,0,0,0,0,0,0,0,0,0,0,0,0,0,0,0,0,0,0,0,0,0,0,0,0,0,0,0,0,0,0,0,0,0,0
TAX_ID_113509,0,0,0,0,0,0,0,0,0,0,0,0,0,0,0,0,0,0,0,0,0,0,0,0,0,0,0,0,0,0,0,0,0,0,0,0,0
TAX_ID_113510,0,0,0,0,0,0,0,0,0,0,0,0,0,0,0,0,0,0,0,0,0,0,0,0,0,0,0,0,0,0,0,0,0,0,0,0,0
TAX_ID_113511,0,0,0,0,0,0,0,0,0,0,0,0,0,0,0,0,0,0,0,0,0,0,0,0,0,0,0,0,0,0,0,0,0,0,0,0,0
TAX_ID_115361,0,0,0,0,0,0,0,0,0,0,0,0,0,0,0,0,0,0,0,0,0,0,0,0,0,0,0,0,0,0,0,0,0,0,0,0,0
TAX_ID_115366,0,0,0,0,0,0,0,0,0,0,0,0,0,0,0,0,0,0,0,0,0,0,0,0,0,0,0,0,0,0,0,0,0,0,0,0,0
TAX_ID_115371,0,0,0,0,0,0,0,0,0,0,0,0,0,0,0,0,0,0,0,0,0,0,0,0,0,0,0,0,0,0,0,0,0,0,0,0,0
TAX_ID_117565,0,0,0,0,0,0,0,0,0,0,0,0,0,0,0,0,0,0,0,0,0,0,0,0,0,0,0,0,0,0,0,0,0,0,0,0,0
TAX_ID_117569,0,0,0,0,0,0,0,0,0,0,0,0,0,0,0,0,0,0,0,0,0,0,0,0,0,0,0,0,0,0,0,0,0,0,0,0,0
TAX_ID_117743,0.048014,0.023962,0.020576,0.026232,0.029719,0.036459,0.000559,0.006152,0.00127,0.013657,0.004192,0.005227,0.007081,0.006347,0.002469,0.60488,0.15826,0.380161,0.031178,0.090995,0.021974,0.021722,0.122424,0.003062,0.084972,0.001115,0.005638,0.011209,0.016628,0.01804,0.006377,0.012263,0.021416,0.013031,0.013891,0.046191,0.026356
TAX_ID_117747,0.000102,0.000327,0.000097,0.000241,0.000254,0,0.000093,0,0,0,0,0,0,0,0,0.000432,0.000258,0,0,0,0,0,0.00022,0,0.008981,0,0,0,0,0,0.00022,0,0,0,0,0,0.000188
TAX_ID_118001,0,0,0,0,0,0,0,0,0,0,0,0,0,0,0,0,0,0,0,0,0,0,0,0,0,0,0,0,0,0,0,0,0,0,0,0,0
TAX_ID_118072,0,0,0,0,0,0,0,0,0,0,0,0,0,0,0,0,0,0,0,0,0,0,0,0,0,0,0,0,0,0,0,0,0,0,0,0,0
TAX_ID_119088,0.000102,0,0,0,0,0,0.000186,0.000256,0,0,0,0,0,0,0,0,0.000258,0.000278,0,0,0,0.000483,0,0,0,0,0,0,0.000094,0.000111,0,0.000721,0,0,0,0,0
TAX_ID_119089,0.014915,0.013085,0.00966,0.01083,0.011176,0.013465,0.002051,0.015379,0.005079,0.008691,0.008383,0.004356,0.009441,0.008885,0.008643,0.037994,0.023713,0.028345,0.008171,0.002668,0.026135,0.037652,0.255837,0.003062,0.062175,0.00669,0.006484,0.01978,0.008737,0.024944,0.153485,0.024526,0.057275,0.043626,0.008143,0.043088,0.018638
TAX_ID_1217819,0,0,0,0,0,0,0,0,0,0,0,0,0,0,0,0,0,0,0,0,0,0,0,0,0,0,0,0,0,0,0,0,0,0,0,0,0
TAX_ID_1236,48.947931,40.959181,32.238451,37.393479,36.811959,41.964432,11.025687,24.407655,16.497594,18.527071,21.083296,18.428985,21.500643,22.3823,20.781835,39.745527,47.239477,39.785687,34.87661,38.941061,35.297369,31.980286,55.587755,17.328516,30.359302,18.351271,17.826031,21.49879,37.342953,33.074952,23.356796,26.338645,29.043432,26.342478,23.694017,24.399219,28.93149
TAX_ID_1242998,0,0,0,0,0,0,0,0,0,0,0,0,0,0,0,0,0,0,0,0,0,0,0,0,0,0,0,0,0,0,0,0,0,0,0,0,0
TAX_ID_1249559,0,0,0,0,0,0,0,0,0,0,0,0,0,0,0,0,0,0,0,0,0,0,0,0,0,0,0,0,0,0,0,0,0,0,0,0,0
TAX_ID_127916,0.000102,0,0.000097,0,0,0,0,0,0,0,0,0,0,0,0,0,0,0,0,0,0,0,0,0,0,0,0,0,0,0,0,0,0,0,0,0,0
TAX_ID_1280412,0.000102,0,0.000193,0,0,0.000621,0.000093,0.000513,0,0,0.001048,0,0,0.002539,0,0.001727,0,0.001112,0.000215,0,0.000166,0.000241,0.00011,0,0.001382,0,0,0.000659,0.000094,0,0.00022,0,0,0,0,0.000345,0.001318
TAX_ID_1293498,0,0,0,0,0,0,0,0,0,0,0,0,0,0,0,0,0,0,0,0,0,0,0,0,0,0,0,0,0,0,0,0,0,0,0,0,0
TAX_ID_1293512,0,0,0,0,0,0,0,0,0,0,0,0,0,0,0,0,0,0,0,0,0,0,0,0,0,0,0,0,0,0,0,0,0,0,0,0,0
TAX_ID_131209,0,0,0,0,0,0,0,0,0,0,0,0,0,0,0,0,0,0,0,0.000099,0,0,0,0,0,0,0,0,0,0,0,0,0,0,0,0,0
TAX_ID_131213,0,0,0,0,0,0,0,0,0,0,0,0,0,0,0,0,0,0,0,0,0,0,0,0,0,0,0,0,0,0,0,0,0,0,0,0,0
TAX_ID_131220,0,0,0,0,0,0,0,0,0,0,0,0,0,0,0,0,0,0,0,0,0,0,0,0,0,0,0,0,0,0,0,0,0,0,0,0,0
TAX_ID_1313207,0,0,0,0,0,0,0,0,0,0,0,0,0,0,0,0,0,0,0,0,0,0,0,0,0,0,0,0,0,0,0,0,0,0,0,0,0
TAX_ID_1313211,0,0,0,0,0,0,0,0,0,0,0,0,0,0,0,0,0,0,0,0,0,0,0,0,0,0,0,0,0,0,0,0,0,0,0,0.000172,0
TAX_ID_1315720,0,0,0,0,0,0,0,0,0,0,0,0,0,0,0,0,0,0,0,0,0,0,0,0,0,0,0,0,0,0,0,0,0,0,0,0,0
TAX_ID_1338366,0,0,0,0,0,0,0,0,0,0,0,0,0,0,0,0,0,0,0,0,0,0,0,0,0,0,0,0,0,0,0,0,0,0,0,0,0
TAX_ID_134549,0,0,0,0,0,0,0,0.000256,0.00127,0,0,0,0,0,0,0,0,0,0,0,0,0,0,0,0,0,0,0,0,0,0,0,0,0,0,0,0
TAX_ID_1382928,0,0,0,0,0,0,0,0,0,0,0,0,0,0,0,0,0,0,0,0,0,0,0,0,0,0,0,0,0,0,0,0,0,0,0,0,0
TAX_ID_1399768,0,0,0,0,0,0,0,0,0,0,0,0,0,0,0,0,0,0,0,0,0,0,0,0,0,0,0,0,0,0,0,0,0,0,0,0,0
TAX_ID_1399769,0,0,0,0,0,0,0,0,0,0,0,0,0,0,0,0,0,0,0,0,0,0,0,0,0,0,0,0,0,0,0,0,0,0,0,0,0
TAX_ID_1399770,0,0,0,0,0,0,0,0,0,0,0,0,0,0,0,0,0,0,0,0,0,0,0,0,0,0,0,0,0,0,0,0,0,0,0,0,0
TAX_ID_1401294,0,0,0,0,0,0,0,0,0,0,0,0,0,0,0,0,0,0,0,0,0,0,0,0,0,0,0,0,0,0,0,0,0,0,0,0,0
TAX_ID_140493,0,0.000082,0.00029,0.000241,0.000254,0,0,0.000256,0,0,0,0,0,0,0,0,0,0,0,0,0,0,0,0,0,0,0,0,0,0.000111,0.00022,0,0,0,0,0,0
TAX_ID_1421718,0,0.000082,0.000097,0.000241,0,0.000414,0,0,0,0,0,0,0,0,0,0,0,0,0,0,0,0.000241,0,0,0,0,0.000564,0,0.000188,0,0,0,0,0,0,0.000172,0
TAX_ID_142796,0,0,0.000097,0,0,0,0,0,0,0,0,0,0,0,0,0,0.000258,0,0,0,0,0,0.00011,0,0,0,0,0,0.000282,0,0,0,0.000249,0,0,0.000345,0.000188
TAX_ID_147100,0.001328,0.000327,0,0,0,0,0.000093,0.000256,0,0,0,0,0,0,0.001235,0.002159,0.000258,0,0.000215,0.000198,0.000166,0.000241,0.001319,0,0,0,0,0,0,0.00245,0.00022,0.000721,0.000249,0,0.001916,0.005688,0.000377
TAX_ID_147539,0,0,0,0,0,0,0,0,0,0,0,0,0,0,0,0,0,0,0,0,0,0,0,0,0,0,0,0,0,0,0,0,0,0,0,0.000345,0
TAX_ID_147541,0.032588,0.033939,0.0341,0.037302,0.033783,0.030451,0.023961,0.046906,0.031741,0.080698,0.058681,0.042686,0.077888,0.062198,0.071615,0.056991,0.040467,0.038627,0.080848,0.013338,0.036123,0.034514,0.123962,0.016329,0.02487,0.043111,0.038905,0.062636,0.025364,0.03697,0.059811,0.09089,0.07396,0.071387,0.075202,0.061358,0.060432
TAX_ID_147545,0.046379,0.052503,0.049267,0.042597,0.048769,0.050338,0.027877,0.074075,0.048246,0.096838,0.071256,0.078403,0.080248,0.081238,0.097544,0.120458,0.067789,0.062526,0.070742,0.026281,0.075576,0.111748,0.082971,0.028576,0.068392,0.038651,0.047645,0.130547,0.044434,0.045433,0.14381,0.132007,0.129989,0.128044,0.048858,0.11203,0.089988
TAX_ID_147547,0.000204,0.000491,0.000193,0.000241,0.000254,0.000414,0.000093,0,0,0,0,0.000871,0,0,0,0.000432,0,0.000278,0.000645,0,0.000166,0,0.00011,0.002041,0.000691,0.000186,0.000564,0,0.000282,0.000779,0,0,0.000249,0,0.000479,0.000517,0.000188
TAX_ID_147548,0.004801,0.004825,0.004733,0.005776,0.00508,0.006007,0.001958,0.006664,0.003809,0.01614,0.035628,0.003485,0.012981,0.033003,0.007408,0.009498,0.006444,0.003613,0.003225,0.002569,0.012485,0.01786,0.01099,0.002041,0.003454,0.005389,0.004229,0.011209,0.006388,0.003786,0.018031,0.004328,0.016933,0.024929,0.007664,0.008445,0.00753
TAX_ID_147549,0.000102,0.000082,0.00029,0,0,0.000207,0.000093,0.000256,0,0,0,0,0.00236,0,0,0,0,0,0,0,0,0,0.000549,0,0,0,0.000282,0,0.000094,0.000334,0,0,0.000498,0,0,0.000172,0
TAX_ID_147550,0.130353,0.135509,0.155335,0.154262,0.143006,0.138793,0.127172,0.278359,0.251387,0.294238,0.309124,0.20646,0.298571,0.332567,0.332144,0.228395,0.136093,0.147284,0.168791,0.094552,0.190272,0.192603,0.107478,0.12145,0.187906,0.160179,0.149701,0.294721,0.146737,0.162022,0.237484,0.309459,0.234081,0.267986,0.140825,0.283866,0.211981
TAX_ID_147553,0,0,0,0,0,0,0,0,0,0,0,0,0,0,0,0,0,0,0,0,0,0,0,0,0,0,0,0,0,0,0,0,0,0,0,0,0
TAX_ID_147554,0,0,0,0,0,0,0,0,0,0,0,0,0,0,0,0,0,0,0,0,0,0,0,0,0,0,0,0,0,0.000111,0.00066,0,0,0,0,0,0
TAX_ID_147555,0,0,0,0,0,0,0,0,0,0,0,0,0,0,0,0,0,0,0,0,0,0,0,0,0,0,0,0,0,0,0,0,0,0,0,0,0
TAX_ID_147556,0,0,0,0,0,0,0,0,0,0,0,0,0,0,0,0,0,0,0,0,0,0,0,0,0,0,0,0,0,0,0,0,0,0,0,0,0
TAX_ID_1485085,0,0.000082,0,0,0,0,0,0,0,0,0,0,0,0,0,0,0,0.000278,0,0,0,0,0,0,0,0,0,0,0,0,0,0,0,0,0,0,0
TAX_ID_1495646,0,0,0,0,0,0,0,0,0,0,0,0,0,0,0,0,0,0,0,0,0,0,0,0,0,0,0,0,0,0,0,0,0,0,0,0,0
TAX_ID_1497346,0,0,0,0,0,0,0,0,0,0,0,0,0,0,0,0,0,0,0,0,0,0,0,0,0,0,0,0,0,0,0,0,0,0,0,0,0
TAX_ID_1498967,0,0,0,0,0,0,0,0,0,0,0,0,0,0,0,0,0,0,0,0,0,0,0,0,0,0,0,0,0,0,0,0,0,0,0,0,0
TAX_ID_1521260,0.000204,0.000082,0.000097,0.000241,0,0,0.000093,0.000769,0,0,0,0.000871,0.00118,0,0.001235,0.00259,0.000258,0.001389,0,0,0,0,0.00011,0,0,0,0,0,0.000094,0.000223,0,0,0.000249,0,0,0.000172,0.000188
TAX_ID_1524962,0,0,0,0,0,0,0,0,0,0,0,0,0,0,0,0,0,0,0,0,0,0,0,0,0,0,0,0,0,0,0,0,0,0,0,0,0
TAX_ID_1538065,0,0,0,0,0,0,0,0,0,0,0,0,0,0,0,0,0,0,0,0,0,0,0,0,0,0,0,0,0,0,0,0,0,0,0,0,0
TAX_ID_1538075,0,0,0,0,0,0,0,0,0,0,0,0,0,0,0,0,0,0,0,0,0,0,0,0,0,0,0,0,0,0,0,0,0,0,0,0,0
TAX_ID_1553900,0.003473,0.002126,0.001642,0.002407,0.002286,0.002693,0.000186,0.001538,0.002539,0.001242,0.001048,0,0.00118,0,0,0.008635,0.004124,0.003613,0.003225,0.001778,0.002164,0.004103,0.012198,0.001021,0.003454,0.001672,0.000846,0.008571,0.002724,0.002004,0.00022,0.000721,0.000249,0.002266,0.000479,0.003619,0.002447
TAX_ID_155616,0.006129,0.005725,0.005796,0.005054,0.008128,0.006007,0.002144,0.018967,0.008887,0.021106,0.003144,0.004356,0.005901,0.003808,0.007408,0.010362,0.004124,0.004446,0.00387,0.004446,0.003995,0.001931,0.003187,0.001021,0.006908,0.002973,0.005638,0.030329,0.004603,0.006013,0.007916,0.016591,0.033369,0.032861,0.005748,0.009307,0.012802
TAX_ID_155619,0.024109,0.019791,0.019127,0.025269,0.01778,0.019472,0.012866,0.044086,0.016505,0.108011,0.066016,0.02265,0.09205,0.045696,0.058033,0.037562,0.029126,0.024455,0.038489,0.005335,0.042449,0.040065,0.032419,0.019391,0.052503,0.01245,0.021144,0.038901,0.015219,0.024498,0.033204,0.054823,0.031128,0.032294,0.01916,0.058083,0.097707
TAX_ID_1562566,0,0,0,0,0,0,0,0,0,0,0,0,0,0,0,0,0,0,0,0,0,0,0,0,0,0,0,0,0,0,0,0,0,0,0,0,0
TAX_ID_157124,0,0.000082,0,0,0,0.000207,0,0,0,0,0,0,0,0,0,0,0,0,0,0,0,0,0,0,0,0,0,0,0,0,0,0,0,0,0,0,0
TAX_ID_162480,0,0.000082,0,0,0,0,0,0,0.00127,0,0,0,0,0,0,0,0,0,0,0,0,0,0,0,0,0.000372,0,0,0,0.000111,0,0,0.000747,0,0,0.000345,0
TAX_ID_162481,0.000102,0.000409,0.000097,0.000722,0,0,0.000559,0.001025,0.00127,0.002483,0,0.001742,0.00118,0.006347,0,0,0,0.000278,0,0,0.005826,0.005793,0.000659,0.001021,0,0.000186,0.001128,0.000659,0.000564,0.000445,0.00022,0.001443,0.000498,0.0017,0,0.001206,0.001694
TAX_ID_162484,0,0,0,0,0,0,0,0,0,0,0,0,0,0,0,0,0,0,0,0,0,0,0,0,0,0,0,0,0,0,0,0,0,0,0,0.000172,0
TAX_ID_1643678,0.000204,0.000082,0.000097,0,0,0,0.000093,0.000513,0,0,0,0,0,0,0,0,0,0,0,0.000099,0.004162,0.00362,0.00011,0.002041,0,0.000186,0.002819,0.000659,0.000094,0,0.00066,0,0.000249,0,0.000479,0.000172,0
TAX_ID_1659748,0,0,0,0,0,0,0,0,0,0,0,0,0,0,0,0,0,0,0,0,0,0,0,0,0,0,0,0,0,0,0,0,0,0,0,0,0
TAX_ID_1663419,0,0,0,0,0,0,0,0,0,0,0,0,0,0,0,0,0,0,0,0,0,0,0,0,0,0,0,0,0,0,0,0,0,0,0,0,0
TAX_ID_166384,0,0,0,0,0,0,0,0,0,0,0,0,0,0,0,0,0,0,0,0,0,0,0,0,0,0,0,0,0,0,0,0,0,0,0,0,0
TAX_ID_1676648,0,0,0,0,0,0,0,0,0,0,0,0,0,0,0,0,0,0,0,0,0,0,0,0,0,0,0,0,0,0,0,0,0,0,0,0,0
TAX_ID_1684132,0.000102,0,0,0,0,0,0,0,0,0,0,0,0,0,0,0,0,0,0,0,0,0,0.00022,0,0,0.000186,0,0,0,0,0,0,0,0,0,0.001034,0.000188
TAX_ID_1708517,0,0,0,0,0,0,0,0,0,0,0,0,0,0,0,0,0,0,0,0,0,0,0,0,0,0,0,0,0,0,0,0,0,0,0,0,0
TAX_ID_171536,0,0,0,0,0,0,0,0,0,0,0,0,0,0,0,0,0,0,0,0,0.000166,0,0,0,0,0,0,0,0,0,0,0,0,0,0,0,0
TAX_ID_1737404,0.001635,0.001227,0.000483,0.000722,0.001016,0.001243,0.000093,0.001794,0.00127,0.002483,0.009431,0.001742,0.005901,0.002539,0.002469,0.002159,0.001804,0.001389,0.000645,0.001581,0.007657,0.012068,0.016265,0,0.009672,0,0.000282,0.003297,0.001597,0.001893,0.004178,0.014427,0.003735,0.003399,0,0.006894,0.004142
TAX_ID_1760,18.69124,23.524014,28.502096,25.136032,26.187356,22.565797,34.961993,38.038006,41.257951,42.340497,43.153692,39.447871,38.431854,38.589254,39.75972,22.7562,20.99518,24.908295,31.104283,30.627825,24.010394,23.877207,11.264965,24.109284,14.11577,33.488185,35.598496,36.298123,28.861145,27.610417,30.32344,29.439006,29.08203,27.320937,26.202999,33.646844,29.943014
TAX_ID_178078,0,0,0,0,0,0,0,0,0,0,0,0,0,0,0,0,0,0,0,0,0,0,0,0,0,0,0,0,0,0,0,0,0,0,0,0,0
TAX_ID_1798830,0,0,0,0,0,0,0,0,0,0,0,0,0,0,0,0,0,0,0,0,0,0,0,0,0,0,0,0,0,0,0,0,0,0,0,0,0
TAX_ID_1801911,0,0,0,0,0,0,0,0,0,0,0,0,0,0,0,0,0,0,0,0,0,0,0,0,0,0,0,0,0,0,0,0,0,0,0,0,0
TAX_ID_1807140,0,0,0,0,0,0,0,0,0,0,0,0,0,0,0,0,0,0,0,0,0,0,0,0,0,0,0,0,0,0,0,0,0,0,0,0,0
TAX_ID_1813735,0,0,0,0,0,0,0,0,0,0,0,0,0,0,0,0,0,0,0,0,0,0,0,0,0,0,0,0,0,0,0,0,0,0,0,0,0
TAX_ID_183924,0.004291,0.003353,0.006859,0.008664,0.004572,0.003936,0.002797,0.034603,0.013966,0.108011,0.125745,0.023521,0.201801,0.19294,0.251886,0.012089,0.014176,0.005836,0.008171,0.002174,2.075846,1.018044,0.027364,0.007144,0.046977,0.004646,0.012405,0.095603,0.007515,0.006013,0.055853,0.088005,0.088901,0.043059,0.010538,0.049465,0.059867
TAX_ID_183925,0,0,0,0,0,0,0,0,0,0,0,0,0,0,0,0,0,0,0,0,0,0,0,0,0,0,0,0,0,0,0,0,0,0,0,0,0
TAX_ID_183939,0,0,0,0,0,0,0,0,0,0,0,0,0,0,0,0,0,0,0,0,0,0,0,0,0,0,0,0,0,0,0,0,0,0,0,0,0
TAX_ID_183963,0.42048,0.500984,0.582604,0.529207,0.51919,0.455322,0.636142,1.189304,1.06776,1.505953,1.720615,1.130741,2.275275,1.806273,2.323772,0.480537,0.45055,0.402114,0.666565,0.290077,2.539956,3.178189,0.462881,0.426605,1.982688,0.681039,0.833084,1.221739,0.530489,0.54809,0.73818,1.028645,0.726895,0.732003,0.549887,1.347804,2.173467
TAX_ID_183967,0.010522,0.00687,0.012462,0.009386,0.006604,0.008286,0.005501,0.069718,0.022853,0.146498,0.080687,0.03833,0.090869,0.081238,0.092605,0.004317,0.016238,0.004446,0.021502,0.000889,0.047776,0.065408,0.018353,0.007144,0.062175,0.00799,0.023964,0.067911,0.00573,0.007015,0.009675,0.033903,0.013447,0.01813,0.005269,0.047052,0.042923
TAX_ID_183968,0,0,0,0,0,0,0,0,0,0,0,0,0,0,0,0,0,0,0,0,0,0,0,0,0,0,0,0,0,0,0,0,0,0,0,0,0
TAX_ID_183980,0,0,0,0,0,0,0,0,0,0,0,0,0,0,0,0,0,0,0,0,0,0,0,0,0,0,0,0,0,0,0,0,0,0,0,0,0
TAX_ID_183988,0,0,0,0,0,0,0,0,0,0,0,0,0,0,0,0,0,0,0,0,0,0,0,0,0,0,0,0,0,0,0,0,0,0,0,0,0
TAX_ID_1853221,0,0,0,0,0,0,0,0,0,0,0,0,0,0,0,0,0,0,0,0,0,0,0,0,0,0,0,0,0,0,0,0,0,0,0,0,0
TAX_ID_1853222,0,0,0,0,0,0,0,0,0,0,0,0,0,0,0,0,0,0,0,0,0,0,0,0,0,0,0,0,0,0,0,0,0,0,0,0,0
TAX_ID_1853228,0,0,0,0,0,0,0,0,0,0,0,0,0,0,0,0,0,0,0,0,0,0,0,0,0,0,0,0,0,0,0,0,0,0,0,0,0
TAX_ID_1860136,0,0,0,0,0,0,0,0,0,0,0,0,0,0,0,0,0,0,0,0,0,0,0,0,0,0,0,0,0,0,0,0,0,0,0,0,0
TAX_ID_186623,0.00378,0.004416,0.003864,0.006498,0.005588,0.005593,0.002424,0.003332,0.002539,0.002483,0.002096,0.001742,0.00236,0.001269,0.001235,0.007771,0.001804,0.001112,0.001505,0.000988,0.004495,0.004827,0.003077,0.003062,0.002072,0.00446,0.004793,0.010549,0.004603,0.002561,0.006157,0.008656,0.007471,0.013598,0.002395,0.009135,0.008283
TAX_ID_186770,0.000306,0.000082,0.000193,0.000241,0,0,0.000186,0.001025,0,0,0,0,0,0,0,0,0,0,0.000215,0,0.001831,0.001448,0.003297,0,0,0,0,0,0,0.000111,0,0,0.029634,0,0.000479,0.001551,0.000188
TAX_ID_186771,0.003678,0.003271,0.003188,0.003851,0.002794,0.004143,0.000653,0.002051,0.002539,0.001242,0.022005,0.000871,0.010621,0.030464,0.008643,0.003886,0.002835,0.00528,0.001075,0.000494,0.009489,0.012551,0.097477,0,0.009672,0.001301,0.00141,0.000659,0.001503,0.003341,0.005497,0.01082,0.004482,0.005666,0.002395,0.006205,0.004142
TAX_ID_186801,0.186642,0.140743,0.143067,0.156428,0.129798,0.147079,0.06657,0.642327,0.363115,1.004383,0.877073,0.474772,1.208445,1.117021,1.082863,0.990001,0.497461,0.342367,0.346614,0.188313,1.740747,2.34237,1.803827,0.10512,2.587857,0.132491,0.345075,0.963282,0.227339,0.201998,1.485596,2.38334,2.602031,2.408471,0.168607,1.251114,1.497612
TAX_ID_1871466,0,0,0.000097,0,0,0,0,0,0,0,0,0,0,0,0,0,0.000258,0,0,0,0,0,0.00011,0,0,0,0,0,0,0,0.00022,0,0,0,0,0,0
TAX_ID_187857,0.004393,0.004498,0.007342,0.005054,0.005334,0.004557,0.004569,0.012047,0.015236,0.013657,0.015718,0.011325,0.021242,0.029195,0.020991,0.014248,0.006444,0.003613,0.006236,0.000988,0.268678,0.181259,0.012308,0.007144,0.050431,0.007619,0.012405,0.025714,0.005543,0.005345,0.011215,0.017312,0.009961,0.020396,0.00479,0.014133,0.012237
TAX_ID_188708,0.01042,0.01104,0.016229,0.015883,0.011684,0.014708,0.004941,0.029476,0.015236,0.031038,0.01991,0.02265,0.028323,0.013963,0.027164,0.057854,0.030157,0.025844,0.027308,0.004545,0.109369,0.13154,0.109456,0.011226,0.059412,0.01691,0.017197,0.050109,0.009394,0.009131,0.088177,0.129843,0.114799,0.045892,0.010538,0.071182,0.068715
TAX_ID_188787,0.040557,0.046533,0.062694,0.053185,0.047753,0.046195,0.061908,0.121237,0.126963,0.176295,0.25673,0.113248,0.254906,0.246252,0.239539,0.053969,0.058252,0.049187,0.082998,0.038236,0.18328,0.171605,0.047145,0.081647,0.035923,0.073028,0.094726,0.14769,0.06698,0.07394,0.171077,0.155812,0.144682,0.098582,0.068496,0.112892,0.095825
TAX_ID_189477,0,0,0,0,0,0,0,0,0,0,0,0,0,0,0,0,0,0,0,0,0,0,0,0,0,0,0,0,0,0,0,0,0,0,0,0,0
TAX_ID_189478,0,0,0,0,0,0,0,0,0,0,0,0,0,0,0,0,0,0,0,0,0,0,0,0,0,0,0,0,0,0,0,0,0,0,0,0,0
TAX_ID_189775,0.001226,0.002535,0.004347,0.001925,0.002794,0.001657,0.004009,0.035372,0.015236,0.044694,0.024101,0.014809,0.021242,0.017771,0.02346,0.00259,0.005928,0.003891,0.009031,0.000198,0.027467,0.026549,0.004506,0.008165,0.004145,0.004088,0.021708,0.051428,0.004697,0.003341,0.047057,0.177452,0.063999,0.063455,0.007185,0.027232,0.02598
TAX_ID_190566,0,0,0,0,0,0,0,0,0,0,0,0,0,0,0,0,0,0,0,0,0,0,0,0,0,0,0,0,0,0,0,0,0,0,0,0,0
TAX_ID_191410,0,0,0,0,0,0,0,0,0,0,0,0,0,0,0,0,0,0,0,0,0,0,0,0,0,0,0,0,0,0,0,0,0,0,0,0,0
TAX_ID_1919246,0,0,0,0,0,0,0,0,0,0,0,0,0,0,0,0,0,0,0,0,0,0,0,0,0,0,0,0,0,0,0,0,0,0,0,0,0
TAX_ID_1921781,0,0,0,0,0,0,0,0,0,0,0,0,0,0,0,0,0,0,0,0,0,0,0,0,0,0,0,0,0,0,0,0,0,0,0,0,0
TAX_ID_1927913,0,0,0,0,0,0,0,0,0,0,0,0,0,0,0,0,0,0,0,0,0,0,0,0,0,0,0,0,0,0,0,0,0,0,0,0,0
TAX_ID_193537,0.000204,0,0.020286,0.00746,0,0.000207,0.000093,0,0,0,0,0,0,0,0,0,0,0,0,0,0,0.000241,0,0.006124,0,0.001301,0.000282,0,0,0,0.017152,0.002885,0.006724,0.005099,0,0,0
TAX_ID_1937959,0,0,0,0,0,0,0,0,0,0,0,0,0,0,0,0,0,0,0,0,0,0,0,0,0,0,0,0,0,0,0,0,0,0,0,0,0
TAX_ID_194287,0,0,0,0,0,0,0,0,0,0,0,0,0,0,0,0,0,0,0,0,0,0,0,0,0,0,0,0,0,0,0,0,0,0,0,0,0
TAX_ID_195505,0,0,0,0,0,0,0,0,0,0,0,0,0,0,0,0,0,0,0,0,0,0,0,0,0,0,0,0,0,0,0,0,0,0,0,0,0
TAX_ID_1955630,0,0,0,0,0,0,0,0,0,0,0,0,0,0,0,0,0,0,0,0,0,0,0,0,0,0,0,0,0,0,0,0,0,0,0,0,0
TAX_ID_1962850,0,0,0,0,0,0,0,0,0,0,0,0,0,0,0,0,0,0,0,0,0,0,0,0,0,0,0,0,0,0,0,0,0,0,0,0,0
TAX_ID_200643,0.05067,0.026333,0.021252,0.021178,0.01651,0.026308,0.002424,0.037166,0.016505,0.028555,0.046107,0.020907,0.060186,0.044427,0.061737,0.54314,0.192283,0.161735,0.05526,0.028454,0.30297,0.286008,0.551127,0.008165,0.19136,0.00576,0.013814,0.07912,0.065947,0.053116,0.069266,0.091611,0.11704,0.075353,0.016286,0.1172,0.147784
TAX_ID_2008785,0,0,0,0,0,0,0,0,0,0,0,0,0,0,0,0,0,0,0,0,0,0,0,0,0,0,0,0,0,0,0,0,0,0,0,0,0
TAX_ID_203486,0,0,0,0,0,0,0,0,0,0,0,0,0,0,0,0,0,0,0,0,0,0,0,0,0,0,0,0,0,0,0,0,0,0,0,0,0
TAX_ID_203490,0,0,0,0,0,0,0,0,0,0,0,0,0,0,0,0,0,0,0,0,0,0,0,0,0,0,0,0,0,0,0,0,0,0,0,0,0
TAX_ID_203494,0.000204,0.000245,0,0,0,0,0,0,0,0,0,0,0,0,0,0,0,0,0,0,0,0,0,0,0,0,0,0,0,0,0,0,0,0,0,0,0
TAX_ID_203683,0.522944,0.673049,0.757356,0.662291,0.771927,0.76398,0.54962,1.309004,1.187106,1.325934,0.803722,1.234407,0.901613,0.755258,0.88654,0.658417,0.533031,0.667782,0.880296,0.147607,0.69267,0.761964,0.411999,0.668483,0.308802,0.800152,0.818424,1.708985,0.690941,0.543525,1.902513,1.444142,1.650269,2.142185,1.018825,1.172004,0.99138
TAX_ID_203692,0.004699,0.002862,0.001835,0.001925,0.002032,0.002693,0.000839,0.006152,0.003809,0.003725,0.005239,0.001742,0.010621,0.006347,0.004939,0.015543,0.005928,0.003335,0.001505,0.000889,0.01981,0.016171,0.037804,0.001021,0.044213,0.001672,0.003383,0.007912,0.002724,0.002227,0.024408,0.014427,0.024902,0.02153,0.002395,0.010858,0.027486
TAX_ID_203693,0,0,0,0,0,0,0,0,0,0,0,0,0,0,0,0,0,0,0,0,0,0,0,0,0,0,0,0,0,0,0,0,0,0,0,0,0
TAX_ID_204429,0.004393,0.004498,0.003574,0.004573,0.004064,0.003107,0.00028,0.013072,0.002539,0.006208,0.005239,0.004356,0.007081,0.005077,0.004939,0.014679,0.011599,0.006669,0.011181,0.001778,0.023139,0.037893,0.009231,0.001021,0.011053,0.002602,0.002537,0.021758,0.003006,0.003897,0.167338,0.251751,0.120029,0.067988,0.000958,0.03292,0.016002
TAX_ID_204430,0,0,0,0,0,0,0,0,0,0,0,0,0,0,0,0,0,0,0,0,0,0,0,0,0,0,0,0,0,0,0,0,0,0,0,0,0
TAX_ID_204432,0.017571,0.020527,0.026565,0.022381,0.022607,0.018229,0.029462,0.041523,0.077448,0.062076,0.01991,0.054011,0.033043,0.030464,0.034573,0.018565,0.025517,0.020842,0.036769,0.002569,0.037289,0.033307,0.01033,0.019391,0.017271,0.05203,0.068226,0.064614,0.023861,0.016258,0.018251,0.025969,0.013696,0.01983,0.022034,0.037918,0.030875
TAX_ID_2082881,0,0,0,0,0,0,0,0,0,0,0,0,0,0,0,0,0,0,0,0,0,0,0,0,0,0,0,0,0,0,0,0,0,0,0,0,0
TAX_ID_2082883,0,0,0,0,0,0,0,0,0,0,0,0,0,0,0,0,0,0,0,0,0,0,0,0,0,0,0,0,0,0,0,0,0,0,0,0,0
TAX_ID_2138243,0,0,0,0,0,0,0,0,0,0,0,0,0,0,0,0,0,0,0,0,0,0,0,0,0,0,0,0,0,0,0,0,0,0,0,0,0
TAX_ID_214506,0.000817,0.000818,0.001449,0.000722,0,0,0.000093,0.001538,0,0.001242,0,0.000871,0.00118,0.001269,0,0.004749,0.000516,0,0,0.000099,0.000166,0.000241,0.002088,0,0,0.000186,0.000282,0.001978,0.000376,0.000779,0.001539,0.005771,0.000747,0.0017,0.000958,0.002068,0.001506
TAX_ID_2172820,0,0,0,0,0,0,0,0,0,0,0,0,0,0,0,0,0,0.000278,0,0,0,0,0,0,0,0,0,0,0,0,0,0,0,0,0,0,0
TAX_ID_219685,0,0,0,0,0,0,0,0,0,0,0,0,0,0,0,0,0,0,0,0,0,0,0,0,0,0,0,0,0,0,0,0,0,0,0,0,0
TAX_ID_2201463,0,0,0,0,0,0,0,0,0,0,0,0,0,0,0,0,0,0,0,0,0,0,0,0,0,0,0,0,0,0.000111,0,0,0,0,0,0,0
TAX_ID_2202803,0,0,0,0,0,0,0,0,0,0,0,0,0,0,0,0,0,0,0,0,0,0,0,0,0,0,0,0,0,0,0,0,0,0,0,0,0
TAX_ID_2202807,0,0,0,0,0,0,0,0,0,0,0,0,0,0,0,0,0,0,0,0,0,0,0,0,0,0,0,0,0,0,0,0,0,0,0,0,0
TAX_ID_2203428,0,0,0,0,0,0,0,0,0,0,0,0,0,0,0,0,0,0,0,0,0,0,0,0,0,0,0,0,0,0,0,0,0,0,0,0,0
TAX_ID_2212702,0,0,0,0,0,0,0,0,0,0,0,0,0,0,0,0,0,0,0,0,0,0,0,0,0,0,0,0,0,0,0,0,0,0,0,0,0
TAX_ID_2212703,0,0,0,0,0,0,0,0,0,0,0,0,0,0,0,0,0,0,0,0,0,0,0,0,0,0,0,0,0,0,0,0,0,0,0,0,0
TAX_ID_2212704,0,0,0,0,0,0,0,0,0,0,0,0,0,0,0,0,0,0,0,0,0,0,0,0,0,0,0,0,0,0,0,0,0,0,0,0,0
TAX_ID_2212732,0,0,0,0,0,0,0,0,0,0,0,0,0,0,0,0,0,0,0,0,0,0,0,0,0,0,0,0,0,0,0,0,0,0,0,0,0
TAX_ID_2219690,0,0,0,0,0,0,0,0,0,0,0,0,0,0,0,0,0,0,0,0,0,0,0,0,0,0,0,0,0,0,0,0,0,0,0,0,0
TAX_ID_2219692,0,0,0,0,0,0,0,0,0,0,0,0,0,0,0,0,0,0,0,0,0,0,0,0,0,0,0,0,0,0,0,0,0,0,0,0,0
TAX_ID_2219693,0,0,0,0,0,0,0,0,0,0,0,0,0,0,0,0,0,0,0,0,0,0,0,0,0,0,0,0,0,0,0,0,0,0,0,0,0
TAX_ID_2231462,0,0,0,0,0,0,0,0,0,0,0,0,0,0,0,0,0,0,0,0,0,0,0,0,0,0,0,0,0,0,0,0,0,0,0,0,0
TAX_ID_2231722,0,0,0,0,0,0,0,0,0,0,0,0,0,0,0,0,0,0,0,0,0,0,0,0,0,0,0,0,0,0,0,0,0,0,0,0,0
TAX_ID_2233521,0,0,0,0,0,0,0,0,0,0,0,0,0,0,0,0,0,0,0,0,0,0,0,0,0,0,0,0,0,0,0,0,0,0,0,0,0
TAX_ID_224756,0.006027,0.005643,0.004637,0.004573,0.004826,0.005593,0.003729,0.103039,0.031741,0.192434,0.489359,0.049655,1.086892,0.75145,1.008779,0.013384,0.020878,0.00528,0.031393,0.007805,0.547677,0.831475,0.071982,0.004082,2.053843,0.005203,0.027347,0.152305,0.01907,0.016035,0.054973,0.153648,0.051299,0.041926,0.003832,0.594792,1.251744
TAX_ID_2302852,0,0,0,0,0,0,0,0,0,0,0,0,0,0,0,0,0,0,0,0,0,0,0,0,0,0,0,0,0,0,0,0,0,0,0,0,0
TAX_ID_2302911,0,0,0,0,0,0,0,0,0,0,0,0,0,0,0,0,0,0,0,0,0,0,0,0,0,0,0,0,0,0,0,0,0,0,0,0,0
TAX_ID_2304343,0,0,0,0,0,0,0,0,0,0,0,0,0,0,0,0,0,0,0,0,0,0,0,0,0,0,0,0,0,0,0,0,0,0,0,0,0
TAX_ID_2315419,0,0,0,0,0,0,0,0,0,0,0,0,0,0,0,0,0,0,0,0,0,0,0,0,0,0,0,0,0,0,0,0,0,0,0,0,0
TAX_ID_2315759,0,0,0,0,0,0,0,0,0,0,0,0,0,0,0,0,0,0,0,0,0,0,0,0,0,0,0,0,0,0,0,0,0,0,0,0,0
TAX_ID_231996,0.000102,0,0,0,0.000254,0,0,0.000256,0,0,0,0,0,0,0,0,0,0,0,0,0,0,0,0,0,0,0,0,0,0,0,0,0,0,0,0.000172,0
TAX_ID_2364196,0,0,0,0,0,0,0,0,0,0,0,0,0,0,0,0,0,0,0,0,0,0,0,0,0,0,0,0,0,0,0,0,0,0,0,0,0
TAX_ID_238765,0,0,0,0,0,0,0,0,0,0,0,0,0,0,0,0,0,0,0,0,0,0,0,0,0,0,0,0,0,0,0,0,0,0,0,0,0
TAX_ID_241806,0.00143,0.001308,0.000869,0.001444,0.000508,0.001657,0.000466,0.002819,0.00127,0.001242,0.003144,0.003485,0.00118,0.002539,0.003704,0.002159,0.001547,0.001112,0,0.001186,0.002331,0.003379,0.001099,0.005103,0.004836,0.000743,0.000282,0.002637,0.001691,0.001893,0.014953,0.031018,0.006475,0.005099,0.001437,0.009997,0.003389
TAX_ID_2497572,0,0,0,0,0,0,0,0,0,0,0,0,0,0,0,0,0,0,0,0,0,0,0,0,0,0,0,0,0,0,0,0,0,0,0,0,0
TAX_ID_2497573,0,0,0,0,0,0,0,0,0,0,0,0,0,0,0,0,0,0,0,0,0,0,0,0,0,0,0,0,0,0,0,0,0,0,0,0,0
TAX_ID_2497574,0,0,0,0,0,0,0,0,0,0,0,0,0,0,0,0,0,0,0,0,0,0,0,0,0,0,0,0,0,0,0,0,0,0,0,0,0
TAX_ID_2497575,0,0,0,0,0,0,0,0,0,0,0,0,0,0,0,0,0,0,0,0,0,0,0,0,0,0,0,0,0,0,0,0,0,0,0,0,0
TAX_ID_2497576,0,0,0,0,0,0,0,0,0,0,0,0,0,0,0,0,0,0,0,0,0,0,0,0,0,0,0,0,0,0,0,0,0,0,0,0,0
TAX_ID_2497577,0,0,0,0,0,0,0,0,0,0,0,0,0,0,0,0,0,0,0,0,0,0,0,0,0,0,0,0,0,0,0,0,0,0,0,0,0
TAX_ID_2497643,0,0,0,0,0,0,0,0,0,0,0,0,0,0,0,0,0,0,0,0,0,0,0,0,0,0,0,0,0,0,0,0,0,0,0,0,0
TAX_ID_2517206,0,0,0,0,0,0,0,0,0,0,0,0,0,0,0,0,0,0,0,0,0,0,0,0,0,0,0,0,0,0,0,0,0,0,0,0,0
TAX_ID_2576467,0,0,0,0,0,0,0,0,0,0,0,0,0,0,0,0,0,0,0,0,0,0,0,0,0,0,0,0,0,0,0,0,0,0,0,0,0
TAX_ID_2582693,0,0,0,0,0,0,0,0,0,0,0,0,0,0,0,0,0,0,0,0,0,0,0,0,0,0,0,0,0,0,0,0,0,0,0,0,0
TAX_ID_2598132,0,0,0,0,0,0,0,0,0,0,0,0,0,0,0,0,0,0,0,0,0,0,0,0,0,0,0,0,0,0,0,0,0,0,0,0,0
TAX_ID_2599185,0,0,0,0,0,0,0,0,0,0,0,0,0,0,0,0,0,0,0,0,0.004328,0.007482,0.000989,0,0,0,0,0,0,0,0,0,0,0,0,0,0
TAX_ID_2604337,0,0,0,0,0,0,0,0,0,0,0,0,0,0,0,0,0,0,0,0,0,0,0,0,0,0,0,0,0,0,0,0,0,0,0,0,0
TAX_ID_2605334,0,0,0,0.000241,0,0,0,0,0,0,0,0,0,0,0,0.000432,0,0,0,0,0,0,0,0,0,0,0,0,0,0,0,0,0,0,0,0,0
TAX_ID_2681631,0,0,0,0,0,0,0,0,0,0,0,0,0,0,0,0,0,0,0,0,0,0,0,0,0,0,0,0,0,0,0,0,0,0,0,0,0
TAX_ID_2681632,0.000102,0,0,0,0,0,0,0,0,0,0,0,0,0,0,0,0,0,0,0,0,0,0,0,0,0,0,0,0,0,0,0,0,0,0,0.000172,0
TAX_ID_2682225,0,0,0,0,0,0,0,0,0,0,0,0,0,0,0,0,0,0,0,0,0,0,0,0,0,0,0,0,0,0,0,0,0,0,0,0,0
TAX_ID_2682552,0,0,0,0,0,0,0,0,0,0,0,0,0,0,0,0,0,0,0,0,0,0,0,0,0,0,0,0,0,0,0,0,0,0,0,0,0
TAX_ID_2683628,0,0,0,0,0.000254,0,0,0,0,0,0,0,0,0,0,0,0,0,0,0,0,0,0,0,0,0.000186,0,0,0,0,0,0,0,0,0,0,0
TAX_ID_2687318,0,0,0,0,0,0,0,0,0,0,0,0,0,0,0,0,0,0,0,0,0,0,0,0,0,0,0,0,0,0,0,0,0,0,0,0,0
TAX_ID_2692249,0,0,0,0,0,0,0,0,0,0,0,0,0,0,0,0,0,0,0,0,0,0,0,0,0,0,0,0,0,0,0,0,0,0,0,0,0
TAX_ID_2704063,0,0,0,0,0,0,0,0,0,0,0,0,0,0,0,0,0,0,0,0,0,0,0,0,0,0,0,0,0,0,0,0,0,0,0,0,0
TAX_ID_2732411,0,0,0,0,0,0,0,0,0,0,0,0,0,0,0,0,0,0,0,0,0,0,0,0,0,0,0,0,0,0,0,0,0,0,0,0,0
TAX_ID_2732413,0,0,0,0,0,0,0,0,0,0,0,0,0,0,0,0,0,0,0,0,0,0,0,0,0,0,0,0,0,0,0,0,0,0,0,0,0
TAX_ID_2732420,0,0,0,0,0,0,0,0,0,0,0,0,0,0,0,0,0,0,0,0,0,0,0,0,0,0,0,0,0,0,0,0,0,0,0,0,0
TAX_ID_2732421,0,0,0,0,0,0,0,0,0,0,0,0,0,0,0,0,0,0,0,0,0,0,0,0,0,0,0,0,0,0,0,0,0,0,0,0,0
TAX_ID_2732422,0,0,0,0,0,0,0,0,0,0,0,0,0,0,0,0,0,0,0,0,0,0,0,0,0,0,0,0,0,0,0,0,0,0,0,0,0
TAX_ID_2732423,0.000102,0,0,0,0,0,0,0,0,0,0,0,0,0,0,0,0,0,0,0,0,0,0,0,0,0,0,0.000659,0.000094,0,0,0,0,0,0,0,0
TAX_ID_2732424,0,0,0,0,0,0,0,0,0,0,0,0,0,0,0,0,0,0,0,0,0,0,0,0,0,0,0,0,0,0,0,0,0,0,0,0,0
TAX_ID_2732449,0,0,0,0,0,0,0,0,0,0,0,0,0,0,0,0,0,0,0,0,0,0,0,0,0,0,0,0,0,0,0,0,0,0,0,0,0
TAX_ID_27929,0.000204,0,0,0.000241,0,0.000207,0,0,0,0,0,0,0,0,0,0,0,0,0,0,0,0,0,0.001021,0,0,0,0,0,0.000111,0,0,0,0,0,0,0
TAX_ID_2797,0.000306,0.000082,0.000097,0,0,0,0.000093,0,0,0,0,0,0,0,0.001235,0,0,0,0,0,0,0.000241,0,0,0,0.000557,0,0,0.000094,0.000334,0,0,0,0.002266,0,0.000517,0
TAX_ID_28009,0.000306,0.000082,0,0.000481,0,0,0,0,0,0.003725,0,0,0,0,0,0.000432,0.000258,0,0.000215,0.000099,0,0,0,0,0,0,0,0,0,0,0,0,0.000249,0,0,0,0.000188
TAX_ID_2806,0.037492,0.029277,0.029946,0.025028,0.024385,0.029209,0.004289,0.05562,0.012696,0.054626,0.040867,0.028748,0.074348,0.060928,0.069145,0.131683,0.04356,0.042796,0.010536,0.012943,0.137002,0.178363,0.150777,0.009185,0.163036,0.010034,0.018607,0.100218,0.020479,0.052114,0.071465,0.132007,0.132231,0.152406,0.015807,0.099793,0.074363
TAX_ID_28211,20.926037,24.667217,28.182635,26.543642,26.328075,24.450682,46.235312,18.767942,28.962838,19.165208,15.264432,27.001011,15.444257,14.872875,15.516922,19.010345,17.308297,23.422389,17.35606,22.268845,11.214395,11.345227,8.183051,49.850484,21.334273,38.180575,34.630088,20.329138,20.07412,26.09142,22.720426,16.359492,16.356012,20.432063,39.925756,17.096258,15.529981
TAX_ID_28216,5.644302,5.628671,5.562414,5.504095,5.464452,5.566201,4.080708,4.713388,4.918553,4.258383,4.536262,4.812182,4.216576,4.790495,4.489499,4.023902,5.207877,4.559425,5.910925,4.875487,4.206459,3.524054,3.395996,4.665095,3.277307,4.784372,4.704459,4.519711,6.423076,6.382659,4.035473,4.670019,4.111602,3.897406,4.83307,4.107183,4.192184
TAX_ID_28221,1.308535,1.288853,1.424004,1.310625,1.210851,1.240225,1.200027,5.518475,3.001409,5.600457,6.296696,4.055161,8.3175,8.526167,7.871439,2.018427,3.395881,1.455892,5.658491,0.411502,7.347695,9.198357,4.911677,1.183879,10.282343,1.638211,2.343349,5.573321,3.276405,2.582884,2.519092,5.209588,3.895949,3.971626,1.085405,6.499794,7.582002
TAX_ID_2825,0.000306,0.000245,0.000193,0,0.000762,0.000207,0,0,0,0,0,0.000871,0,0,0,0.000432,0,0.000278,0,0.000198,0.000166,0,0.00044,0,0,0,0,0.001319,0,0.000668,0,0.002885,0.000249,0,0.000479,0.000345,0
TAX_ID_2830,0.001532,0.002044,0.000773,0.000963,0.001778,0.002072,0.00028,0.000513,0,0.002483,0,0,0.00118,0,0.001235,0.002159,0.002578,0.000278,0.00043,0.000296,0.003329,0.001931,0.001868,0,0.000691,0.000186,0.001692,0.003297,0.000376,0.00167,0.012314,0.077184,0.011206,0.010198,0.000958,0.004136,0.001883
TAX_ID_2833,0.000306,0.000245,0.000097,0.000241,0.000508,0.001036,0,0.000256,0,0.001242,0.001048,0,0,0,0,0,0.000258,0.000278,0,0,0,0,0.00044,0,0.000691,0,0,0,0.000376,0.000223,0.00044,0,0.000249,0,0.000479,0.000689,0.000188
TAX_ID_2864,0.005108,0.006542,0.004637,0.004813,0.027941,0.038738,0.002704,0.003332,0,0.008691,0.001048,0.003485,0.00236,0.001269,0.002469,0.64417,0.029899,0.106156,0.04881,0.002569,0.008989,0.006758,0.007583,0.002041,0.007599,0.002787,0.001692,0.014505,0.002912,0.005122,0.005717,0.004328,0.004482,0.005099,0.00479,0.020165,0.01186
TAX_ID_2870,0.011646,0.007769,0.004347,0.009145,0.005588,0.012429,0.001492,0.011022,0.00127,0.021106,0.008383,0.006098,0.009441,0.011424,0.011113,0.034972,0.03557,0.052522,0.013976,0.001087,0.013817,0.019791,0.016374,0.004082,0.020034,0.001301,0.007894,0.015165,0.005918,0.020712,0.023748,0.038232,0.023159,0.022096,0.002395,0.021717,0.018826
TAX_ID_29197,0.003678,0.001717,0.001932,0.003851,0.004064,0.0058,0.000186,0.001282,0,0,0.001048,0.001742,0,0,0.001235,0.008635,0.002578,0.001945,0.001075,0.000692,0.00283,0.002414,0.001758,0,0.010362,0.000372,0.000282,0.003297,0.001503,0.005122,0.002419,0.000721,0.001743,0.0017,0.002395,0.004136,0.001506
TAX_ID_292625,0,0,0,0,0,0,0,0,0,0,0,0,0,0,0,0,0.000258,0,0,0,0,0,0,0,0,0,0,0,0,0,0,0,0,0,0,0,0
TAX_ID_29547,0.15436,0.030259,0.022798,0.028638,0.033021,0.041016,0.005314,0.065873,0.020314,0.098079,0.181283,0.024392,0.108571,0.162476,0.060502,1.339286,0.299508,0.181466,0.080848,0.034481,0.87362,0.880229,3.066199,0.018371,2.102893,0.011707,0.02932,0.086372,0.04218,0.034743,0.115664,0.15509,0.239061,0.303113,0.010538,0.099448,0.182801
TAX_ID_296141,0,0,0,0,0,0,0,0,0,0,0,0,0,0,0,0,0,0,0,0,0,0,0,0,0,0,0,0,0,0,0,0,0,0,0,0,0
TAX_ID_29811,0,0,0,0,0,0,0,0,0,0,0,0,0,0,0,0,0,0,0,0,0,0,0,0,0,0,0,0,0,0,0,0,0,0,0,0,0
TAX_ID_29999,0,0.000164,0,0,0,0.000207,0,0,0,0,0,0,0,0,0,0,0,0,0.000215,0,0,0,0.00022,0,0,0,0.000282,0.000659,0,0,0,0,0,0,0,0,0
TAX_ID_30001,0.000715,0.000981,0.002512,0.002407,0.000508,0.00145,0.000559,0.002563,0.00127,0,0.001048,0,0,0,0,0.001295,0.003609,0.001389,0.00344,0,0.000832,0.000483,0.000769,0.001021,0,0.003159,0.000846,0.001319,0.00047,0.000891,0.004618,0.001443,0.000249,0.002833,0.002874,0.001034,0.003389
TAX_ID_301297,0.008581,0.011367,0.015166,0.011311,0.007874,0.008079,0.00662,0.312192,0.055864,0.352589,0.148799,0.074047,0.224223,0.049504,0.135821,0.009067,0.019589,0.003891,0.010536,0.000296,0.031629,0.04441,0.023518,0.01735,0.022107,0.010964,0.059768,0.248568,0.009488,0.003897,0.091915,1.61943,0.387727,0.414726,0.012933,0.152878,0.187319
TAX_ID_3027,0.002043,0.001227,0.001352,0.003369,0.001524,0.001657,0.000653,0.001025,0,0,0.006287,0,0,0.002539,0.001235,0.005181,0.002835,0.003057,0.000645,0.000494,0.003995,0.005793,0.003627,0.002041,0.000691,0.000186,0,0.003956,0.000752,0.00245,0.003738,0.002885,0.003735,0.005666,0,0.001896,0.001883
TAX_ID_30302,0,0,0,0,0,0,0,0,0,0,0,0,0,0,0,0,0,0,0,0,0,0,0,0,0,0,0,0,0,0,0,0,0,0,0,0,0
TAX_ID_30304,0,0,0.000097,0,0,0,0,0,0,0,0,0.000871,0,0,0,0,0,0.000278,0,0,0,0,0,0,0,0,0,0,0,0,0,0,0,0,0,0.000345,0
TAX_ID_3035,0,0,0,0,0,0.000207,0,0.000256,0,0,0,0,0,0,0,0,0,0.000556,0,0.000099,0.000166,0,0,0,0,0.000186,0,0,0,0,0,0.000721,0,0,0.003353,0.000517,0
TAX_ID_304573,0,0,0,0,0,0,0,0,0,0,0,0,0,0,0,0,0,0,0,0,0,0,0,0,0,0,0,0,0,0,0,0,0,0,0,0,0
TAX_ID_304574,0,0,0,0,0,0,0,0,0,0,0,0,0,0,0,0,0,0,0,0,0,0,0,0,0,0,0,0,0,0,0,0,0,0,0,0,0
TAX_ID_307596,0,0,0,0,0,0,0,0,0,0,0,0,0,0,0,0,0,0,0,0,0,0,0,0,0,0,0,0,0,0,0,0,0,0,0,0,0
TAX_ID_310836,0,0.000082,0,0,0.000508,0,0.000093,0.000256,0,0,0,0,0,0,0,0,0,0,0,0,0,0,0,0,0,0,0,0,0.000094,0.000111,0.00022,0,0.000249,0,0,0,0.000188
TAX_ID_315355,0,0,0,0,0,0,0,0,0,0,0,0,0,0,0,0,0,0,0,0,0,0,0,0,0,0,0,0,0,0,0,0,0,0,0,0,0
TAX_ID_3166,0.015528,0.010304,0.010819,0.009626,0.010922,0.013465,0.013706,0.019224,0.006348,0.034762,0.038771,0.009583,0.064907,0.073622,0.069145,0.026768,0.014692,0.012227,0.019352,0.004742,0.030796,0.044168,0.039562,0.006124,0.103625,0.006132,0.008458,0.019121,0.011837,0.027839,0.030345,0.05338,0.063501,0.066855,0.012933,0.041192,0.036899
TAX_ID_31969,0.038003,0.021426,0.019707,0.017809,0.018797,0.023201,0.002238,0.039216,0.011427,0.053385,0.041915,0.03049,0.121553,0.092662,0.092605,0.142477,0.042787,0.033347,0.013761,0.022131,0.137835,0.205878,0.503432,0.010206,0.679088,0.00669,0.0234,0.075823,0.017003,0.017705,0.145129,0.241652,0.145927,0.152973,0.01916,0.143915,0.158327
TAX_ID_32061,0.000204,0.000327,0.000773,0,0.000254,0.000207,0.000373,0.001282,0.00127,0,0,0.002613,0.00118,0.001269,0.001235,0.001295,0,0.001389,0.00086,0.000099,0.001831,0.000483,0.002198,0,0.000691,0.000186,0.002255,0.002637,0.000282,0.000891,0.002419,0.002164,0.002739,0.0017,0,0.002241,0.002259
TAX_ID_3214,0.005721,0.003762,0.003381,0.002166,0.003302,0.004557,0.000839,0.009227,0.00127,0.009932,0,0.003485,0.00236,0.001269,0.001235,0.020724,0.008506,0.005836,0.001935,0.001482,0.007158,0.024136,0.014616,0.003062,0.007599,0.001858,0.003383,0.016483,0.004603,0.002338,0.016492,0.074299,0.052793,0.062889,0.001916,0.017752,0.009413
TAX_ID_32584,0,0,0.000386,0,0,0,0,0,0,0,0,0,0,0,0,0,0,0,0,0,0,0,0,0,0,0.000186,0,0,0,0,0,0,0,0,0,0,0
TAX_ID_3296,0,0,0,0,0,0,0,0,0,0,0,0,0,0,0,0,0,0,0,0,0,0,0,0,0,0,0,0,0,0,0,0,0,0,0,0,0
TAX_ID_33103,0.000817,0.001636,0.001835,0.000963,0.00127,0.00145,0.00028,0.004614,0.005079,0.004966,0.006287,0.000871,0.005901,0.002539,0.004939,0.006476,0.002578,0.004446,0.00172,0.000988,0.014649,0.016654,0.014616,0.001021,0.007599,0.000186,0.000846,0.008571,0.005543,0.016369,0.010775,0.059872,0.006226,0.015297,0.000958,0.006205,0.006401
TAX_ID_33627,0,0,0,0,0,0,0,0,0,0,0,0,0,0,0,0,0,0,0,0,0,0,0,0,0,0,0,0,0,0,0,0,0,0,0,0,0
TAX_ID_3372,0,0,0,0,0,0,0,0,0,0,0,0,0,0,0,0,0,0,0,0,0,0,0,0,0,0,0,0,0,0,0,0,0,0,0,0,0
TAX_ID_33827,0,0,0,0,0,0,0,0,0,0,0,0,0,0,0,0,0,0,0,0,0,0,0,0,0,0,0,0,0,0,0,0,0,0,0,0,0
TAX_ID_33829,0.001328,0.001717,0.00058,0.000722,0.001016,0.00145,0,0.000769,0,0,0,0,0,0,0,0.022883,0.009537,0.003057,0.000645,0.001482,0.003163,0.008689,0.005275,0,0,0.000186,0.000846,0.000659,0.000188,0.001225,0.00066,0.002164,0.000747,0,0.002874,0.001896,0.000377
TAX_ID_33836,0.041476,0.018973,0.010433,0.012755,0.025147,0.032937,0,0.001025,0.00127,0.001242,0.001048,0.000871,0,0.001269,0,0.052242,0.031446,0.005002,0.001935,0.001778,0.005993,0.009654,0.020001,0,0.002072,0.000186,0.000846,0,0.009112,0.127168,0.016052,0.002885,0.018428,0.003966,0,0.00586,0.004707
TAX_ID_33849,0.032997,0.009486,0.004347,0.006979,0.002286,0.006215,0.000186,0.001025,0,0,0,0.000871,0,0,0,0.01727,0.015981,0.011949,0.00473,0.000593,0.001998,0.001931,0.002747,0,0.001382,0.000372,0.000282,0,0.024237,0.204894,0.00044,0,0.001494,0.000567,0.000479,0.001551,0.00113
TAX_ID_33853,0.000102,0,0,0,0,0,0,0,0,0,0,0.000871,0,0,0,0,0,0,0,0,0,0,0,0,0,0,0,0,0,0.000334,0,0,0,0,0,0,0
TAX_ID_33859,0.000102,0,0,0,0.000254,0,0,0,0,0,0,0,0,0,0,0.000432,0.000258,0,0,0.000099,0.000166,0.000483,0,0,0,0,0,0,0,0.000111,0,0,0,0,0,0.000172,0
TAX_ID_3398,0.138832,0.122915,0.107711,0.121051,0.105921,0.126363,0.053144,0.19967,0.124424,0.198642,0.166613,0.123702,0.149875,0.142166,0.133351,0.338491,0.13532,0.145339,0.095469,0.051376,0.441804,0.621736,0.521565,0.066338,0.246627,0.086593,0.11869,0.331643,0.097887,0.108571,0.729604,0.465271,0.694771,0.61869,0.131724,0.359357,0.25754
TAX_ID_34517,0.000204,0.000082,0,0,0,0,0,0,0,0,0,0,0,0,0,0,0,0,0,0,0,0,0,0,0,0,0.000282,0,0,0,0,0,0,0,0,0,0
TAX_ID_35069,0,0,0,0,0,0,0,0,0,0,0,0,0,0,0,0,0,0,0,0,0,0.000241,0,0,0,0,0,0,0,0.000111,0,0,0.000498,0,0,0,0
TAX_ID_35422,0,0,0,0.000241,0,0,0,0.000256,0,0,0,0,0,0,0,0.000432,0.000773,0,0.000215,0,0.000333,0.000241,0.00044,0.001021,0,0,0,0.005275,0.000188,0.000445,0.002419,0.000721,0.000747,0.000567,0,0.000172,0.000753
TAX_ID_35581,0.000204,0.000082,0.00029,0,0,0.000207,0.000093,0.000256,0,0,0,0,0.00236,0,0.001235,0,0.000258,0,0,0,0.001165,0.000241,0.00011,0,0,0,0.000282,0.004615,0.000094,0,0.00044,0.000721,0.000747,0,0,0.000517,0
TAX_ID_35675,0.000409,0.000082,0.000193,0.000722,0.00127,0.000207,0.000093,0,0,0,0,0,0,0,0,0,0.000258,0,0,0,0.000166,0.000241,0.000769,0,0,0,0,0,0.000188,0.000223,0,0,0,0,0,0.000172,0
TAX_ID_358446,0,0,0,0,0,0,0,0,0,0,0,0,0,0,0,0,0,0,0,0,0,0,0,0,0,0,0,0,0,0,0,0,0,0,0,0,0
TAX_ID_37471,0,0,0,0,0,0,0,0,0,0,0,0,0,0,0,0,0,0,0,0,0,0,0,0,0,0,0,0,0,0.000111,0,0,0,0,0,0,0
TAX_ID_37945,0,0,0.000097,0,0,0,0.000093,0,0,0,0,0,0,0,0,0,0,0,0,0,0,0,0,0,0,0,0,0,0,0,0.001099,0,0,0.000567,0,0,0
TAX_ID_38254,0.000511,0.000818,0.000097,0.000963,0.000254,0.000414,0.00028,0.000513,0,0.002483,0.006287,0,0.00236,0,0.002469,0.005613,0.000258,0,0.000645,0,0.000666,0.000724,0.001539,0,0.000691,0,0.000564,0,0.000188,0.001448,0.001319,0,0.000747,0.000567,0.000958,0.001896,0.001318
TAX_ID_38410,0.000204,0.000082,0,0,0.000254,0,0,0.000256,0,0,0,0,0.00118,0,0.002469,0,0.002835,0,0,0.000099,0.000166,0,0,0,0.000691,0,0,0.001319,0.000282,0.000223,0,0,0.001245,0.000567,0,0,0
TAX_ID_388447,0.002043,0.00229,0.002029,0.002407,0.001778,0.002279,0.002144,0.006664,0.002539,0.032279,0.024101,0.006969,0.022422,0.015232,0.020991,0.000863,0.003351,0.000556,0.00215,0,0.011486,0.015688,0.003846,0,0.008981,0.001858,0.006202,0.012527,0.002536,0.002227,0.005058,0.01082,0.00772,0.005099,0.001437,0.012237,0.015814
TAX_ID_39119,0.000409,0.000409,0.000097,0,0.000508,0.000414,0,0,0,0,0,0,0,0,0,0,0.000258,0.000278,0.000215,0,0.000166,0,0.000549,0,0.000691,0,0,0,0.00047,0.00412,0,0,0,0,0,0.000517,0.000941
TAX_ID_39236,0,0,0,0,0,0,0,0,0,0,0,0,0,0,0,0,0,0,0,0,0,0,0,0,0,0,0,0,0,0,0,0,0,0,0,0,0
TAX_ID_402684,0,0,0,0,0,0,0,0,0,0,0,0,0,0,0,0,0,0,0,0,0,0,0,0,0,0,0,0,0,0,0,0,0,0,0,0,0
TAX_ID_402688,0.000817,0.000654,0.000386,0.000241,0.001016,0.001036,0.000093,0.001794,0.002539,0.001242,0,0,0,0,0,0,0,0.000278,0.00043,0.000395,0.001165,0.004344,0.000879,0.001021,0.002072,0.000372,0.000846,0.001319,0.000658,0.000668,0.00044,0.003607,0.000747,0.003399,0,0.001379,0.001318
TAX_ID_402711,0,0,0.000193,0.000241,0,0,0.000186,0,0,0,0,0,0,0,0,0.000432,0,0,0,0.000395,0,0,0.00011,0,0,0,0.001128,0,0.000188,0,0.00022,0,0,0,0,0.000172,0.000188
TAX_ID_404263,0,0,0,0,0,0,0,0,0,0,0,0,0,0,0,0,0,0,0,0,0,0,0,0,0,0,0,0,0,0,0,0,0,0,0,0,0
TAX_ID_404265,0,0,0,0,0,0,0,0,0,0,0,0,0,0,0,0,0,0,0,0,0,0,0,0,0,0,0,0,0,0,0,0,0,0,0,0,0
TAX_ID_40674,0.070795,0.065179,0.072838,0.074604,0.064518,0.065667,0.058738,0.140461,0.076178,0.116702,0.102692,0.106279,0.164037,0.1739,0.13829,0.13341,0.065211,0.072531,0.082783,0.023514,0.177121,0.201533,0.213857,0.068379,0.123659,0.067825,0.090216,0.178679,0.06792,0.079174,0.262992,0.222176,0.294593,0.287815,0.078076,0.172698,0.125381
TAX_ID_414999,0.005721,0.00507,0.00512,0.003851,0.00635,0.006836,0.001492,0.002563,0.002539,0.003725,0.001048,0.002613,0.00118,0,0.001235,0.00993,0.005671,0.011394,0.005161,0.000395,0.002497,0.001931,0.001868,0.001021,0.000691,0.000929,0.000846,0.002637,0.004979,0.011247,0.002859,0.001443,0.000996,0.004533,0.005269,0.007584,0.003012
TAX_ID_42113,0.000204,0.000245,0.00058,0,0.000254,0.000414,0.00028,0,0,0,0,0,0.00118,0,0,0.000432,0.000258,0,0.000215,0,0.000999,0.000483,0,0,0.002072,0.000372,0.000282,0,0.000282,0.000334,0.001979,0.000721,0.000249,0,0,0.001206,0.001883
TAX_ID_42242,0,0,0,0,0,0,0,0,0,0,0,0,0,0,0,0,0,0.000278,0,0,0,0,0,0,0,0,0,0,0,0,0,0,0,0,0,0,0
TAX_ID_422676,0.00286,0.002453,0.002125,0.001203,0.003556,0.005386,0.000186,0.003076,0,0.004966,0.003144,0,0.00236,0.002539,0.002469,0.037994,0.002835,0.007781,0.001935,0.000198,0.016813,0.020757,0.014946,0.002041,0.004145,0.001672,0.000564,0.002637,0.001973,0.002004,0.028146,0.002885,0.010459,0.010198,0.000479,0.018959,0.006024
TAX_ID_42382,0,0,0,0,0,0,0,0,0,0,0,0,0,0,0,0,0,0,0,0,0,0,0,0,0,0,0,0,0,0,0,0.001443,0,0,0,0,0
TAX_ID_42813,0,0,0,0.000241,0.000254,0.000621,0.000186,0.000513,0,0,0,0,0,0,0,0,0,0,0.000215,0,0,0,0.000549,0,0,0,0,0,0,0.007906,0,0,0,0,0,0.000172,0.000377
TAX_ID_431957,0,0,0,0,0,0,0.000093,0,0,0,0,0,0,0,0,0,0,0,0,0,0,0,0,0,0,0,0,0,0,0,0,0,0,0,0,0,0
TAX_ID_432002,0,0,0,0,0,0,0,0,0,0,0,0,0,0,0,0,0,0,0,0,0,0,0,0,0,0,0,0,0,0,0,0,0,0,0,0,0
TAX_ID_432003,0,0,0,0,0,0,0,0,0,0,0,0,0,0,0,0,0,0,0,0,0,0,0,0,0,0,0,0,0,0,0,0,0,0,0,0,0
TAX_ID_432004,0,0,0,0,0,0,0,0,0,0,0,0,0,0,0,0,0,0,0,0,0,0,0,0,0,0,0,0,0,0,0,0,0,0,0,0,0
TAX_ID_432005,0.000102,0.000082,0.000193,0,0,0.000207,0,0,0,0,0,0,0,0,0,0,0,0,0,0,0.000166,0,0,0,0,0.000372,0,0,0,0,0,0,0.000498,0,0,0,0.000188
TAX_ID_432025,0,0,0,0,0,0,0,0,0,0,0,0,0,0,0,0,0,0,0,0,0,0,0,0,0,0,0,0,0,0,0,0,0,0,0,0,0
TAX_ID_44578,0.001124,0.000327,0.000966,0.000481,0.000254,0.001243,0.000559,0.001025,0.00127,0.002483,0.001048,0.001742,0,0.003808,0,0.003886,0.000516,0,0.000645,0.000988,0.001332,0.001207,0.003077,0.001021,0.010362,0.000372,0.000282,0.005275,0.001033,0.001002,0.002639,0.005771,0.010957,0.003966,0.000479,0.002413,0.004895
TAX_ID_446134,0,0,0,0,0,0,0,0,0,0,0,0,0,0,0,0,0,0,0,0,0,0,0,0,0,0,0,0,0,0,0,0,0,0,0,0,0
TAX_ID_447827,0,0,0,0,0,0,0,0,0,0,0,0,0,0,0,0,0,0,0,0,0,0,0,0,0,0,0,0,0,0,0,0,0,0,0,0,0
TAX_ID_447830,0,0,0,0,0,0,0,0,0,0,0,0,0,0,0,0,0,0,0,0,0,0,0,0,0,0,0,0,0,0,0,0,0,0,0,0,0
TAX_ID_45080,0.000102,0.000164,0.000386,0,0.000254,0.000207,0,0,0,0,0,0,0,0,0,0.000432,0,0,0,0,0.000499,0,0.00022,0,0,0,0,0,0.000094,0.000111,0.00044,0,0.000249,0.0017,0,0.000689,0.000188
TAX_ID_45085,0.000102,0,0.000193,0.000241,0,0,0,0,0,0,0,0,0,0,0,0,0,0,0,0,0,0,0,0,0,0,0,0,0,0,0,0,0,0,0,0,0
TAX_ID_451435,0.000511,0.000818,0.00029,0,0.001016,0.001036,0.000093,0.000256,0,0,0,0,0,0,0,0.00259,0,0,0.000645,0.000296,0.000666,0.000724,0.00011,0,0,0,0,0,0.000188,0.000668,0.00022,0,0.001992,0.000567,0,0.001206,0.001694
TAX_ID_451454,0.000102,0,0,0,0,0,0.000093,0,0,0,0,0,0,0,0,0,0,0,0,0,0,0,0,0,0,0,0,0,0.000094,0.000111,0,0,0,0,0,0,0
TAX_ID_451455,0.000102,0.000082,0,0.000241,0,0.000207,0,0.000256,0,0,0,0,0,0,0,0.000432,0,0,0,0,0.000499,0.000241,0.001868,0,0,0,0,0,0.000094,0,0.00022,0,0.00498,0.002833,0,0.001034,0.000188
TAX_ID_451460,0,0,0,0,0,0,0,0,0,0,0,0,0,0,0,0,0,0,0,0,0,0,0,0,0,0,0,0,0,0,0,0,0,0,0,0,0
TAX_ID_452283,0.004086,0.004989,0.003961,0.005294,0.003556,0.002693,0.005128,0.010253,0.003809,0.008691,0.007335,0.009583,0.005901,0.007616,0.012347,0.003886,0.004897,0.002501,0.001935,0.000593,0.002497,0.002896,0.001429,0.004082,0.003454,0.005203,0.003665,0.007912,0.005449,0.0049,0.003958,0.024526,0.004731,0.010198,0.007664,0.007928,0.005648
TAX_ID_452332,0.000102,0.000082,0,0,0,0.000414,0,0.000256,0,0,0,0,0,0,0,0,0,0.000278,0,0,0,0,0,0,0,0,0,0.001978,0.000094,0,0,0,0.000249,0,0.000479,0.000345,0
TAX_ID_455491,0,0,0,0,0,0,0,0,0,0,0,0,0,0,0,0,0,0,0,0,0,0,0,0,0,0,0,0,0,0,0,0,0,0,0,0,0
TAX_ID_475962,0,0,0,0,0,0,0,0,0,0,0,0,0,0,0,0,0,0,0,0,0,0,0,0,0,0,0,0,0,0,0,0,0,0,0,0,0
TAX_ID_4762,0.020738,0.015702,0.018258,0.01829,0.018797,0.018851,0.006993,0.018711,0.006348,0.02483,0.026197,0.019165,0.038944,0.030464,0.02346,0.021156,0.015207,0.011949,0.017202,0.010769,0.009156,0.011102,0.022089,0.015309,0.022797,0.012822,0.010995,0.023077,0.016064,0.030066,0.058272,0.028854,0.040591,0.057223,0.03353,0.10548,0.020144
TAX_ID_4891,0,0.000082,0,0.000722,0,0.000207,0,0.000256,0,0,0.001048,0,0,0,0,0,0.000258,0,0,0.000198,0,0,0.000769,0,0,0.000186,0.000282,0,0.000094,0.000445,0,0,0,0.000567,0,0.000172,0.001318
TAX_ID_50557,0.000817,0.000409,0.000869,0.000241,0.000254,0.000621,0.00028,0.001282,0.002539,0,0,0,0,0,0,0.003454,0.000773,0.006669,0,0.000395,0.000666,0.001931,0.004616,0.005103,0.002072,0.000557,0.000282,0.001978,0.000376,0.000668,0.002639,0.003607,0.006226,0.002833,0.000479,0.002585,0.000941
TAX_ID_5257,0.000102,0,0,0,0,0,0,0,0,0,0,0.000871,0,0,0,0,0.000258,0.000278,0,0,0,0,0,0,0,0,0,0,0,0,0,0,0,0,0,0.000345,0.000188
TAX_ID_526524,0,0,0,0,0,0,0,0,0,0,0,0,0,0,0,0,0,0,0,0,0,0,0,0,0,0,0,0,0,0,0,0,0,0,0,0,0
TAX_ID_52919,0,0,0,0.000481,0,0,0,0,0,0,0,0,0,0,0,0,0,0,0,0,0,0,0,0,0,0,0,0,0,0,0,0,0,0,0,0,0.000188
TAX_ID_533205,0,0,0,0,0,0,0,0,0,0,0,0,0,0,0,0,0,0,0,0,0,0,0,0,0,0,0,0,0,0,0,0,0,0,0,0,0
TAX_ID_54900,0,0,0,0,0,0,0,0,0,0,0,0,0,0,0,0,0,0,0,0,0,0,0,0,0,0,0,0,0,0,0,0,0,0,0,0,0
TAX_ID_557229,0,0,0,0,0,0,0,0,0,0,0,0,0,0,0,0,0,0,0,0,0,0,0,0,0,0,0,0,0,0,0,0,0,0,0,0,0
TAX_ID_5653,0.001022,0.000818,0.00058,0.000722,0.000508,0.000207,0.000373,0,0,0.001242,0.001048,0,0.00118,0.001269,0,0.000863,0.000258,0,0,0,0.000333,0,0.001319,0,0,0.000186,0,0,0.000282,0.000111,0.00088,0.001443,0.001992,0.001133,0.000479,0.000172,0.001694
TAX_ID_569577,0,0,0,0,0,0,0,0,0,0,0,0,0,0,0,0,0,0,0,0,0,0,0,0,0,0,0,0,0,0,0,0,0,0,0,0,0
TAX_ID_57294,0,0,0,0,0,0,0,0,0,0,0,0,0,0,0,0,0,0,0,0,0,0,0.00011,0,0,0,0,0,0,0,0,0,0,0,0,0,0
TAX_ID_5747,0.003065,0.001963,0.001642,0.002407,0.001778,0.002693,0.000373,0.004614,0,0.003725,0.004192,0.000871,0.00236,0.001269,0.002469,0.005181,0.002835,0.001389,0.001075,0.000494,0.001498,0.001448,0.005934,0.002041,0.002763,0.001672,0.00141,0.008571,0.002536,0.007349,0.002199,0.01082,0.003984,0.010198,0.000479,0.003619,0.00433
TAX_ID_58019,0,0,0,0,0,0,0,0,0,0,0,0,0,0,0,0,0,0,0,0,0,0,0,0,0,0,0,0,0,0,0,0,0,0,0,0,0
TAX_ID_580370,0.000613,0.000245,0.000193,0.000241,0,0.000414,0,0.000256,0,0,0,0,0,0,0.001235,0,0,0.000834,0.00043,0,0,0,0,0,0,0,0,0,0.000094,0.000334,0,0,0,0,0,0.000689,0.000565
TAX_ID_589449,0.013383,0.006052,0.003091,0.002647,0.006858,0.014915,0.000653,0.000513,0,0,0.001048,0.000871,0,0.001269,0,0.020292,0.04356,0.003335,0.001935,0.000198,0.000666,0.003138,0.004726,0.002041,0.004145,0,0.000282,0.005275,0.006294,0.048105,0.00066,0,0.001743,0.0017,0.000958,0.002413,0.003577
TAX_ID_5977,0,0,0.000193,0,0,0,0,0,0,0,0,0,0,0,0,0.000863,0,0,0,0,0,0,0.00011,0,0,0,0,0,0,0,0,0,0,0,0,0,0
TAX_ID_5988,0,0.000082,0,0,0,0,0,0,0,0,0,0,0,0,0,0.000432,0,0,0,0,0,0,0,0,0,0,0,0.001319,0,0,0,0,0,0,0,0,0
TAX_ID_6000,0,0,0,0,0,0,0,0,0,0,0,0,0,0,0,0,0,0,0,0,0,0,0,0,0,0,0,0,0,0,0,0,0,0,0,0,0
TAX_ID_6015,0.000409,0.000164,0,0,0,0,0,0,0,0,0,0,0,0,0,0,0,0,0,0,0,0,0,0,0,0,0,0,0,0,0,0,0,0,0,0,0
TAX_ID_6020,0.002963,0.001227,0.002029,0.000963,0.004064,0.000829,0,0.001025,0,0,0,0.000871,0.00118,0.001269,0.003704,0.003886,0.000773,0.002501,0.00086,0.00168,0.002996,0.00362,0.013957,0,0.001382,0.000557,0.000282,0.001978,0.001597,0.001336,0.009675,0.004328,0.00249,0.007932,0.001437,0.007066,0.003953
TAX_ID_6042,0.001328,0.001145,0.001352,0.001925,0.000508,0.000621,0.000373,0.004101,0.00127,0.001242,0.001048,0.000871,0.00118,0.001269,0.001235,0.001727,0,0.001667,0.00129,0.000099,0.001498,0.001207,0.00044,0,0.000691,0.000557,0.000564,0.001319,0.00047,0.001336,0.004618,0.002885,0.002241,0.003399,0.001437,0.005171,0.001506
TAX_ID_6074,0.000613,0.000245,0.000193,0.000241,0,0.000207,0,0,0,0,0,0,0,0,0,0.000432,0,0.000556,0,0.000099,0,0,0.00011,0,0,0.000372,0,0.001319,0,0.000891,0,0.000721,0.000249,0.000567,0,0.000689,0.000753
TAX_ID_60882,0,0,0,0,0,0,0,0,0,0,0,0,0,0,0,0,0,0,0,0,0,0,0,0,0,0,0,0,0,0,0,0,0,0,0,0,0
TAX_ID_6101,0.001532,0.00139,0.001932,0.001925,0.000508,0.000829,0.000373,0.002051,0,0.002483,0,0.000871,0.00118,0.001269,0,0.001727,0.001289,0.000556,0.00043,0.000395,0.001831,0.001931,0.003627,0.002041,0,0.001487,0.000282,0.001978,0.000752,0.001893,0.002859,0.001443,0.00498,0.005666,0.000479,0.001724,0.003012
TAX_ID_6137,0,0,0,0,0,0,0,0.000256,0,0,0,0,0,0,0,0,0,0,0,0,0,0,0,0,0,0,0,0,0,0.000223,0.00044,0,0.000498,0,0,0,0
TAX_ID_6142,0.000306,0.000409,0.000386,0,0.000254,0.000829,0,0,0,0,0,0,0,0,0,0,0.000516,0.000278,0.00043,0.000099,0,0,0.000769,0,0.001382,0,0.00141,0.003956,0.00047,0.000445,0.00088,0,0.000249,0,0.000479,0.003275,0.002259
TAX_ID_6178,0.000511,0,0.000097,0.000241,0.001016,0.000621,0.000186,0.000513,0,0,0.001048,0.001742,0.00118,0,0,0,0,0,0.000215,0,0,0.000241,0.00033,0.001021,0,0,0.000564,0.001319,0.000282,0.000334,0.00044,0,0.000747,0.001133,0,0.002068,0.003765
TAX_ID_61986,0,0.000082,0,0,0,0,0,0,0,0,0,0,0,0,0,0,0,0,0,0,0,0,0,0,0,0,0,0,0,0,0,0,0,0,0,0,0
TAX_ID_6199,0,0,0,0,0,0,0,0,0,0,0,0,0,0,0,0.000432,0.000258,0,0,0,0,0,0,0,0,0,0,0,0,0,0,0,0,0,0,0,0
TAX_ID_6218,0,0,0,0,0,0,0,0,0,0,0,0,0,0,0,0,0,0,0,0,0,0,0,0,0,0,0,0,0,0.010579,0,0,0,0,0,0,0
TAX_ID_6225,0,0,0.000097,0,0,0.000207,0,0,0,0,0,0,0,0,0,0,0,0,0,0,0,0,0,0,0,0,0,0.000659,0,0,0.00022,0,0,0.011898,0,0,0
TAX_ID_62907,0,0,0,0,0,0,0,0,0,0,0,0,0,0,0,0,0,0,0,0,0,0,0,0,0,0,0,0,0,0,0,0,0,0,0,0,0
TAX_ID_6341,0.001226,0.007687,0.002801,0.003851,0.006604,0.002693,0.000373,0.001794,0,0,0,0.001742,0.00472,0,0.001235,0.004749,0.003609,0.003891,0.000645,0.000099,0.001998,0.003379,0.001648,0.001021,0.000691,0.013379,0.001973,0.001978,0.012306,0.005011,0.002639,0.002164,0.002739,0.001133,0.003832,0.003619,0.001883
TAX_ID_63448,0,0,0,0,0,0,0,0,0,0,0,0,0,0,0,0,0,0,0,0,0,0,0,0,0,0,0,0,0,0,0,0,0,0,0,0,0
TAX_ID_641853,0,0,0,0.000241,0.000254,0,0.00028,0.000256,0,0,0,0,0,0.001269,0.001235,0,0.000516,0,0,0,0.000166,0.000241,0.00044,0,0,0,0.000282,0.000659,0.000094,0.000223,0,0,0.000249,0.001133,0,0.001034,0
TAX_ID_6448,0.004699,0.004334,0.00512,0.003851,0.004064,0.005593,0.001399,0.005383,0.003809,0.003725,0.005239,0.005227,0.00236,0.002539,0.001235,0.011657,0.003866,0.002501,0.00215,0.000988,0.006159,0.004827,0.023078,0,0.002763,0.002973,0.001128,0.007253,0.0031,0.003341,0.007476,0.019476,0.007969,0.011898,0.001437,0.015684,0.008472
TAX_ID_649775,0,0,0,0,0,0,0,0,0,0,0,0,0,0,0,0,0,0,0,0,0,0,0,0,0,0,0,0,0,0,0,0,0,0,0,0,0
TAX_ID_6544,0.001737,0.00368,0.001546,0.001444,0.001016,0.001243,0.000466,0.002307,0,0.002483,0.002096,0.001742,0.00118,0,0,0.010794,0.004897,0.019453,0.002795,0.01067,0.003329,0.003379,0.009451,0,0.001382,0.001301,0.000846,0.003297,0.003476,0.003341,0.004618,0.013706,0.003237,0.006799,0.001916,0.003619,0.002447
TAX_ID_65574,0.000204,0.000245,0.000097,0,0,0,0,0.000256,0,0,0,0,0,0,0,0,0,0,0,0,0.000333,0.000241,0,0,0,0,0,0,0,0.000111,0.00044,0.000721,0,0,0.000479,0.000517,0.000565
TAX_ID_65582,0.000204,0.000572,0,0.000722,0,0.000207,0,0,0,0,0,0.000871,0,0,0,0,0,0,0,0,0,0,0.00011,0,0,0.000186,0,0,0,0,0,0.000721,0.000249,0,0,0.896927,0.001883
TAX_ID_658449,0.000102,0,0.000097,0,0,0.000207,0,0.000256,0,0,0,0,0,0,0,0,0.000258,0,0,0,0,0.000241,0.00044,0,0,0,0,0,0.000094,0,0,0,0.000498,0.001133,0,0.000345,0
TAX_ID_6605,0,0,0,0,0,0,0,0,0,0,0,0,0,0,0,0.000432,0,0.000834,0.00086,0,0,0,0,0,0,0,0,0,0,0,0.00022,0,0,0,0,0,0
TAX_ID_661027,0,0,0,0,0,0,0,0.000513,0,0,0,0,0,0,0,0,0,0,0,0,0,0,0,0,0,0,0,0,0,0,0,0.000721,0.000498,0,0,0,0
TAX_ID_663566,0.000204,0.000327,0.000097,0,0.000254,0.000207,0,0,0,0,0,0,0,0,0,0,0,0,0,0,0,0,0,0,0,0,0,0,0,0,0,0,0,0,0,0,0
TAX_ID_6650,0,0,0,0,0,0,0,0,0,0,0,0,0,0,0,0,0,0,0,0,0,0,0,0,0,0,0,0,0,0,0,0,0,0,0,0,0
TAX_ID_6658,0,0,0.000097,0,0.000254,0,0,0,0,0,0,0,0,0,0,0,0,0,0,0,0,0,0,0.001021,0,0,0,0,0,0,0,0,0.000249,0,0,0.000172,0.000941
TAX_ID_666505,0.007049,0.005397,0.006859,0.004091,0.004318,0.005179,0.007366,0.046393,0.021584,0.029796,0.015718,0.033103,0.018882,0.021579,0.029634,0.000863,0.005155,0.000834,0.007956,0.000198,0.015981,0.019067,0.012968,0.010206,0.005527,0.012636,0.021426,0.042197,0.003758,0.005122,0.035843,0.040396,0.039096,0.038526,0.014849,0.033264,0.027486
TAX_ID_6670,0,0,0,0,0,0.000207,0,0,0,0,0,0,0,0,0,0.001727,0.000516,0.001389,0,0,0,0,0,0,0,0.000186,0,0,0,0.001782,0,0,0.000747,0,0,0,0.000188
TAX_ID_6681,0,0,0,0,0.000508,0.000207,0,0,0,0.001242,0,0,0,0,0,0,0,0,0,0,0,0,0,0,0.006908,0.000186,0,0,0.000658,0.000111,0,0,0.000498,0,0,0.001206,0.000377
TAX_ID_67799,0,0,0,0,0,0,0,0,0,0,0,0,0,0,0,0,0,0,0,0,0,0,0,0,0,0,0,0,0,0,0,0,0,0,0,0,0
TAX_ID_68337,0,0,0,0,0,0,0,0,0,0,0,0,0,0,0,0,0,0,0,0,0,0,0.00011,0,0,0,0,0,0,0,0,0,0,0,0,0.000172,0
TAX_ID_6844,0,0,0,0,0,0,0,0,0,0,0,0,0,0,0,0,0,0,0,0,0,0,0,0,0,0,0,0,0,0,0,0,0,0,0,0,0
TAX_ID_6854,0.005517,0.004089,0.003284,0.005776,0.004318,0.004765,0.001212,0.009227,0.003809,0.006208,0,0.001742,0.00354,0.002539,0.002469,0.008203,0.00464,0.004446,0.00344,0.003162,0.009489,0.00893,0.012528,0.004082,0.007599,0.002416,0.003101,0.007253,0.005637,0.007238,0.027487,0.015148,0.092138,0.010198,0.007185,0.011203,0.005836
TAX_ID_693071,0,0,0,0,0,0,0,0,0,0,0,0,0,0,0,0,0,0,0,0,0,0,0,0,0,0,0,0,0,0,0,0,0,0,0,0,0
TAX_ID_72037,0,0.000409,0,0,0,0.000414,0,0,0,0,0,0,0,0,0,0,0,0.000556,0,0,0.031629,0.038376,0.000659,0.001021,0,0,0,0,0.000094,0.000445,0.00022,0,0,0,0,0,0
TAX_ID_72039,0,0,0,0,0,0,0,0,0,0,0,0,0,0,0,0,0,0,0,0,0,0,0,0,0,0,0,0,0,0,0,0,0,0,0,0,0
TAX_ID_72040,0,0,0,0,0,0,0,0,0,0,0,0,0,0,0,0,0,0,0,0,0,0,0,0,0,0,0,0,0,0,0,0,0,0,0,0,0
TAX_ID_7540,0,0.000082,0.000193,0,0,0,0,0,0,0,0,0,0,0,0,0,0,0,0,0,0,0,0,0,0,0,0,0,0,0,0,0.000721,0,0,0,0,0
TAX_ID_7553,0,0.000164,0,0,0,0,0,0,0,0,0,0,0,0,0,0,0,0,0,0,0.000166,0,0,0,0,0,0,0,0,0.000223,0,0,0,0,0,0,0.000188
TAX_ID_7588,0.001737,0.001717,0.001159,0.000722,0.002286,0.001243,0.000373,0.004101,0.00127,0.001242,0.001048,0.00784,0.00118,0.002539,0,0.000863,0.003609,0.000834,0.001935,0.000296,0.01648,0.009413,0.005824,0.001021,0.001382,0.000743,0.000846,0.007912,0.001409,0.004677,0.009895,0.003607,0.004233,0.004533,0.002874,0.007928,0.00433
TAX_ID_75966,0.015528,0.012267,0.010336,0.009626,0.011684,0.012015,0.003263,0.01461,0.005079,0.011174,0.005239,0.005227,0.00236,0.003808,0.007408,0.013816,0.011599,0.017229,0.009891,0.001581,0.012152,0.015447,0.013297,0.003062,0.008981,0.007247,0.002819,0.013187,0.007703,0.015144,0.012534,0.011542,0.0127,0.014164,0.008143,0.01758,0.015249
TAX_ID_7618,0,0.000245,0.000193,0,0,0,0,0,0,0,0,0,0,0,0,0,0,0,0,0,0.000499,0.000724,0.00011,0,0,0,0,0,0.000094,0,0,0,0.000249,0.000567,0,0.000517,0
TAX_ID_7625,0.000102,0,0.000483,0.000241,0,0,0,0,0,0,0,0,0,0,0,0.003886,0,0.001945,0,0,0,0,0,0,0.000691,0,0,0,0.000188,0.000111,0.00044,0.000721,0.000249,0,0,0,0.000188
TAX_ID_768503,0,0,0,0,0,0,0,0,0,0,0,0,0,0,0,0,0,0,0,0,0,0,0,0,0,0,0,0,0,0,0,0,0,0,0,0,0
TAX_ID_7705,0,0.000082,0.000869,0.000241,0.000254,0,0.000093,0,0,0,0,0,0,0,0,0.000432,0,0,0.000215,0,0,0,0,0,0,0.000186,0,0,0.000094,0.000111,0,0,0.000249,0,0,0.000517,0.000188
TAX_ID_7713,0.000102,0.000327,0.000193,0,0,0.000207,0,0.000256,0,0,0,0,0,0,0,0,0,0,0,0,0.004828,0.000241,0.00011,0,0,0.000557,0,0,0,0.000334,0,0,0.000498,0,0,0,0
TAX_ID_7777,0.011646,0.008996,0.00937,0.009867,0.009906,0.0087,0.003823,0.013841,0.008887,0.026072,0.010479,0.006969,0.017702,0.011424,0.017286,0.025473,0.008506,0.007503,0.006021,0.001877,0.038787,0.047306,0.013187,0.003062,0.01658,0.009663,0.003383,0.021758,0.009488,0.008574,0.032324,0.036789,0.031377,0.026629,0.00479,0.037401,0.014496
TAX_ID_7878,0,0,0,0,0,0,0,0,0,0,0,0,0,0,0,0,0,0,0,0,0,0,0,0,0,0,0,0,0,0,0,0,0,0,0,0,0
TAX_ID_795747,0.001839,0.001063,0.000869,0.001925,0.001016,0.000621,0.000093,0.002051,0.002539,0,0,0.001742,0.00118,0.007616,0.001235,0.015111,0.023971,0.007225,0.00086,0,0.004661,0.009172,0.005275,0.001021,0.002072,0.000557,0.00874,0.02967,0.001785,0.001559,0.006157,0,0.006724,0.005666,0.007664,0.011548,0.007342
TAX_ID_80999,0,0,0,0,0,0,0,0,0,0,0,0,0,0,0,0,0,0,0,0,0,0,0,0,0,0,0,0,0,0,0,0,0,0,0,0,0
TAX_ID_82162,0,0.000082,0,0,0,0,0.000093,0,0,0,0,0,0,0,0,0.000432,0,0,0,0,0,0,0,0,0,0,0,0,0,0.000334,0,0,0,0,0,0,0
TAX_ID_8292,0.007151,0.009405,0.008598,0.01107,0.006858,0.009115,0.003077,0.017686,0.007618,0.004966,0.007335,0.006098,0.008261,0.010155,0.008643,0.011225,0.00464,0.004168,0.007311,0.000395,0.011986,0.013999,0.014506,0.004082,0.01658,0.006504,0.004229,0.018461,0.008549,0.005345,0.071245,0.031739,0.046318,0.052124,0.007185,0.033609,0.018826
TAX_ID_84343,0,0,0,0,0,0,0,0,0,0,0,0,0,0,0,0,0,0,0,0,0,0,0,0,0,0,0,0,0,0,0,0,0,0,0,0,0
TAX_ID_84992,0,0,0,0,0,0,0,0,0,0,0,0,0,0,0,0,0,0,0,0,0,0,0,0,0,0,0,0,0,0,0,0,0,0,0,0,0
TAX_ID_84995,0,0,0,0,0,0,0,0,0,0,0,0,0,0,0,0,0,0,0,0,0.000166,0,0.00011,0,0,0,0,0,0.000094,0,0,0,0,0,0,0,0.00113
TAX_ID_84998,0.047503,0.047105,0.056609,0.050057,0.050801,0.054067,0.04149,0.129439,0.090144,0.178778,0.195953,0.110635,0.130994,0.170092,0.160516,0.072966,0.064696,0.049743,0.122562,0.181002,0.16114,0.185121,0.072092,0.05307,0.136785,0.043854,0.085141,0.1378,0.05721,0.062025,0.153485,0.223618,0.16809,0.133143,0.056522,0.121509,0.119734
TAX_ID_8504,0.000204,0.000245,0,0.000241,0.000254,0,0,0,0.00127,0,0,0.000871,0,0,0,0.000863,0,0.000556,0.00043,0,0.000166,0,0.002308,0,0.002763,0,0.000564,0.001978,0.001033,0.000334,0.00044,0,0.000747,0,0,0.000345,0.000941
TAX_ID_86131,0,0,0,0,0,0,0,0,0,0,0,0,0,0,0,0,0,0,0,0,0,0,0,0,0,0,0,0,0,0,0,0,0,0,0,0,0
TAX_ID_8782,1.329579,1.123494,1.109662,1.245406,1.124235,1.185122,0.568547,2.192267,1.074108,2.203682,2.167011,1.388599,2.449933,2.44856,2.464532,2.56459,1.275099,1.306385,1.17982,0.522158,4.15885,4.591576,3.062243,0.712368,2.894586,0.839918,1.227214,3.272917,1.05769,0.958434,5.778124,3.943619,4.513772,4.737057,1.088279,3.839174,3.173695
TAX_ID_89368,0,0,0,0,0.000762,0.000207,0,0,0,0,0,0,0,0,0,0,0,0,0,0,0,0,0,0,0,0,0,0,0,0,0,0,0,0,0,0.001034,0
TAX_ID_908620,0.01042,0.012839,0.016905,0.013477,0.01778,0.015536,0.016223,0.015379,0.011427,0.012415,0.026197,0.021779,0.020062,0.026656,0.025929,0.01727,0.012114,0.01584,0.025372,0.045942,0.024637,0.01786,0.007253,0.013268,0.005527,0.016538,0.031857,0.015824,0.01287,0.018374,0.075203,0.024526,0.037602,0.026062,0.014849,0.011203,0.00866
TAX_ID_909932,0.010727,0.01194,0.010723,0.010348,0.007874,0.009115,0.004848,0.027169,0.013966,0.033521,0.03458,0.017423,0.047205,0.020309,0.016052,0.064331,0.026806,0.023065,0.024942,0.061651,0.025636,0.034997,0.075279,0.007144,0.044213,0.007619,0.017197,0.065933,0.015876,0.013919,0.048816,0.06925,0.048061,0.063455,0.015328,0.042916,0.053089
TAX_ID_91061,0.771697,0.522901,0.495663,0.524154,0.480327,0.582514,0.093421,0.985277,0.434214,1.24027,1.28365,0.601087,1.54832,1.547327,1.375495,2.502418,1.193907,1.242747,0.665705,0.904416,2.365499,3.120746,4.162079,0.227591,5.917667,0.27223,0.497877,1.63448,0.500897,0.453773,3.537636,3.556976,3.889474,4.169358,0.440676,2.240423,2.176479
TAX_ID_91989,0,0,0,0,0,0,0,0,0,0,0,0,0,0,0,0,0,0,0,0,0,0,0.00022,0,0,0,0,0,0,0,0,0,0,0.000567,0,0,0
TAX_ID_930023,0.000204,0,0.000097,0,0,0,0,0,0,0,0,0,0,0,0,0,0,0,0.000215,0,0,0,0,0,0.000691,0,0.000282,0,0,0.000111,0.00044,0.000721,0,0,0,0.002068,0.000188
TAX_ID_96475,0,0,0,0,0,0,0,0,0,0,0,0,0,0,0,0,0,0,0,0,0,0,0,0,0,0.000186,0,0,0,0,0,0,0,0,0,0,0
TAX_ID_97264,0,0,0,0.000241,0,0,0,0,0,0,0,0,0,0,0,0,0,0,0,0,0.000166,0,0,0,0,0.000186,0,0,0.000188,0.000111,0,0,0,0,0,0,0